-- MySQL dump 10.13  Distrib 8.0.17, for Win64 (x86_64)
--
-- Host: localhost    Database: skincare
-- ------------------------------------------------------
-- Server version	5.7.27-log

/*!40101 SET @OLD_CHARACTER_SET_CLIENT=@@CHARACTER_SET_CLIENT */;
/*!40101 SET @OLD_CHARACTER_SET_RESULTS=@@CHARACTER_SET_RESULTS */;
/*!40101 SET @OLD_COLLATION_CONNECTION=@@COLLATION_CONNECTION */;
/*!50503 SET NAMES utf8 */;
/*!40103 SET @OLD_TIME_ZONE=@@TIME_ZONE */;
/*!40103 SET TIME_ZONE='+00:00' */;
/*!40014 SET @OLD_UNIQUE_CHECKS=@@UNIQUE_CHECKS, UNIQUE_CHECKS=0 */;
/*!40014 SET @OLD_FOREIGN_KEY_CHECKS=@@FOREIGN_KEY_CHECKS, FOREIGN_KEY_CHECKS=0 */;
/*!40101 SET @OLD_SQL_MODE=@@SQL_MODE, SQL_MODE='NO_AUTO_VALUE_ON_ZERO' */;
/*!40111 SET @OLD_SQL_NOTES=@@SQL_NOTES, SQL_NOTES=0 */;

--
-- Table structure for table `attribute`
--

DROP TABLE IF EXISTS `attribute`;
/*!40101 SET @saved_cs_client     = @@character_set_client */;
/*!50503 SET character_set_client = utf8mb4 */;
CREATE TABLE `attribute` (
  `id` bigint(20) NOT NULL AUTO_INCREMENT,
  `name` varchar(255) COLLATE utf8mb4_vietnamese_ci DEFAULT NULL,
  `code` varchar(255) COLLATE utf8mb4_vietnamese_ci DEFAULT NULL,
  PRIMARY KEY (`id`)
) ENGINE=InnoDB AUTO_INCREMENT=4 DEFAULT CHARSET=utf8mb4 COLLATE=utf8mb4_vietnamese_ci;
/*!40101 SET character_set_client = @saved_cs_client */;

--
-- Dumping data for table `attribute`
--

LOCK TABLES `attribute` WRITE;
/*!40000 ALTER TABLE `attribute` DISABLE KEYS */;
INSERT INTO `attribute` VALUES (1,'Bài viết top','BVT'),(3,'Bài viết thường','BV');
/*!40000 ALTER TABLE `attribute` ENABLE KEYS */;
UNLOCK TABLES;

--
-- Table structure for table `category`
--

DROP TABLE IF EXISTS `category`;
/*!40101 SET @saved_cs_client     = @@character_set_client */;
/*!50503 SET character_set_client = utf8mb4 */;
CREATE TABLE `category` (
  `id` bigint(20) NOT NULL AUTO_INCREMENT,
  `name` varchar(255) COLLATE utf8mb4_vietnamese_ci DEFAULT NULL,
  `code` varchar(255) COLLATE utf8mb4_vietnamese_ci DEFAULT NULL,
  `createddate` datetime DEFAULT NULL,
  `modifieddate` datetime DEFAULT NULL,
  `createdby` varchar(255) COLLATE utf8mb4_vietnamese_ci DEFAULT NULL,
  `modifiedby` varchar(255) COLLATE utf8mb4_vietnamese_ci DEFAULT NULL,
  PRIMARY KEY (`id`)
) ENGINE=InnoDB AUTO_INCREMENT=7 DEFAULT CHARSET=utf8mb4 COLLATE=utf8mb4_vietnamese_ci;
/*!40101 SET character_set_client = @saved_cs_client */;

--
-- Dumping data for table `category`
--

LOCK TABLES `category` WRITE;
/*!40000 ALTER TABLE `category` DISABLE KEYS */;
INSERT INTO `category` VALUES (1,'LÀM TRẮNG DA','LTD',NULL,NULL,NULL,NULL),(2,'LÀM TRẮNG DA MẶT','LTDM',NULL,NULL,NULL,NULL),(3,'LÀM TRẮNG DA TOÀN THÂN','LTDTT',NULL,NULL,NULL,NULL),(4,'TẮM TRẮNG','TT',NULL,NULL,NULL,NULL),(5,'KINH NGHIỆM LÀM ĐẸP','KNLD',NULL,NULL,NULL,NULL),(6,'BÍ QUYẾT ĐẸP CỦA SAO','BQDCS',NULL,NULL,NULL,NULL);
/*!40000 ALTER TABLE `category` ENABLE KEYS */;
UNLOCK TABLES;

--
-- Table structure for table `category_new`
--

DROP TABLE IF EXISTS `category_new`;
/*!40101 SET @saved_cs_client     = @@character_set_client */;
/*!50503 SET character_set_client = utf8mb4 */;
CREATE TABLE `category_new` (
  `id` bigint(20) NOT NULL AUTO_INCREMENT,
  `categoryid` bigint(20) NOT NULL,
  `newid` bigint(20) NOT NULL,
  PRIMARY KEY (`id`),
  KEY `categoryid` (`categoryid`),
  KEY `newid` (`newid`),
  CONSTRAINT `category_new_ibfk_1` FOREIGN KEY (`categoryid`) REFERENCES `category` (`id`),
  CONSTRAINT `category_new_ibfk_2` FOREIGN KEY (`newid`) REFERENCES `new` (`id`)
) ENGINE=InnoDB AUTO_INCREMENT=34 DEFAULT CHARSET=utf8mb4 COLLATE=utf8mb4_vietnamese_ci;
/*!40101 SET character_set_client = @saved_cs_client */;

--
-- Dumping data for table `category_new`
--

LOCK TABLES `category_new` WRITE;
/*!40000 ALTER TABLE `category_new` DISABLE KEYS */;
INSERT INTO `category_new` VALUES (4,4,28),(5,2,29),(6,3,30),(7,5,31),(8,5,32),(9,4,33),(10,4,34),(11,3,35),(12,2,36),(13,2,37),(14,5,37),(15,6,37),(16,2,38),(17,5,38),(18,6,38),(19,6,39),(20,6,40),(27,2,42),(28,5,43),(29,6,43),(30,6,44),(31,6,45),(32,2,46),(33,6,46);
/*!40000 ALTER TABLE `category_new` ENABLE KEYS */;
UNLOCK TABLES;

--
-- Table structure for table `comment`
--

DROP TABLE IF EXISTS `comment`;
/*!40101 SET @saved_cs_client     = @@character_set_client */;
/*!50503 SET character_set_client = utf8mb4 */;
CREATE TABLE `comment` (
  `id` bigint(20) NOT NULL AUTO_INCREMENT,
  `content` text COLLATE utf8mb4_vietnamese_ci,
  `createddate` varchar(255) COLLATE utf8mb4_vietnamese_ci DEFAULT NULL,
  `modifieddate` varchar(255) COLLATE utf8mb4_vietnamese_ci DEFAULT NULL,
  `createdby` varchar(255) COLLATE utf8mb4_vietnamese_ci DEFAULT NULL,
  `modifiedby` varchar(255) COLLATE utf8mb4_vietnamese_ci DEFAULT NULL,
  PRIMARY KEY (`id`)
) ENGINE=InnoDB AUTO_INCREMENT=19 DEFAULT CHARSET=utf8mb4 COLLATE=utf8mb4_vietnamese_ci;
/*!40101 SET character_set_client = @saved_cs_client */;

--
-- Dumping data for table `comment`
--

LOCK TABLES `comment` WRITE;
/*!40000 ALTER TABLE `comment` DISABLE KEYS */;
INSERT INTO `comment` VALUES (6,'Haizz chán vl','05/06/2020',NULL,'phuocthanh',NULL),(7,'bài viết rất hay ','12/06/2020',NULL,'phuocthanh1',NULL),(8,'Bài viết hay lắm','12/06/2020',NULL,'phuocthanh',NULL),(9,'ê chán','12/06/2020',NULL,'phuocthanh',NULL),(10,'mệt quá','12/06/2020',NULL,'phuocthanh',NULL),(11,'dasdasd','12/06/2020',NULL,'phuocthanh',NULL),(12,'hehehe','12/06/2020',NULL,'phuocthanh',NULL),(13,'hey you what your name?\r\n','12/06/2020',NULL,'phuocthanh',NULL),(14,'bài viết hay','16/06/2020',NULL,'phuocthanh23',NULL),(15,'bài viết rất hay','16/06/2020',NULL,'phuocthanh23',NULL),(16,'bài viết hôm nay','16/06/2020',NULL,'phuocthanh',NULL),(17,'hay đấy','16/06/2020',NULL,'phuocthanh',NULL),(18,'ê cu','16/06/2020',NULL,'phuocthanh',NULL);
/*!40000 ALTER TABLE `comment` ENABLE KEYS */;
UNLOCK TABLES;

--
-- Table structure for table `images`
--

DROP TABLE IF EXISTS `images`;
/*!40101 SET @saved_cs_client     = @@character_set_client */;
/*!50503 SET character_set_client = utf8mb4 */;
CREATE TABLE `images` (
  `id` bigint(20) NOT NULL AUTO_INCREMENT,
  `newid` bigint(20) NOT NULL,
  `name` varchar(255) COLLATE utf8mb4_vietnamese_ci DEFAULT NULL,
  `url` varchar(255) COLLATE utf8mb4_vietnamese_ci DEFAULT NULL,
  PRIMARY KEY (`id`)
) ENGINE=InnoDB DEFAULT CHARSET=utf8mb4 COLLATE=utf8mb4_vietnamese_ci;
/*!40101 SET character_set_client = @saved_cs_client */;

--
-- Dumping data for table `images`
--

LOCK TABLES `images` WRITE;
/*!40000 ALTER TABLE `images` DISABLE KEYS */;
/*!40000 ALTER TABLE `images` ENABLE KEYS */;
UNLOCK TABLES;

--
-- Table structure for table `new`
--

DROP TABLE IF EXISTS `new`;
/*!40101 SET @saved_cs_client     = @@character_set_client */;
/*!50503 SET character_set_client = utf8mb4 */;
CREATE TABLE `new` (
  `id` bigint(20) NOT NULL AUTO_INCREMENT,
  `title` varchar(255) COLLATE utf8mb4_vietnamese_ci DEFAULT NULL,
  `thumbnail` varchar(255) COLLATE utf8mb4_vietnamese_ci DEFAULT NULL,
  `shortdescription` text COLLATE utf8mb4_vietnamese_ci,
  `content` text COLLATE utf8mb4_vietnamese_ci,
  `createddate` varchar(255) COLLATE utf8mb4_vietnamese_ci DEFAULT NULL,
  `modifieddate` varchar(255) COLLATE utf8mb4_vietnamese_ci DEFAULT NULL,
  `createdby` varchar(255) COLLATE utf8mb4_vietnamese_ci DEFAULT NULL,
  `modifiedby` varchar(255) COLLATE utf8mb4_vietnamese_ci DEFAULT NULL,
  `like_new` bigint(20) DEFAULT NULL,
  `comment_count` bigint(20) DEFAULT NULL,
  `view_count` bigint(20) DEFAULT NULL,
  `attributeid` bigint(20) NOT NULL,
  PRIMARY KEY (`id`),
  KEY `attributeid` (`attributeid`),
  CONSTRAINT `new_ibfk_1` FOREIGN KEY (`attributeid`) REFERENCES `attribute` (`id`)
) ENGINE=InnoDB AUTO_INCREMENT=48 DEFAULT CHARSET=utf8mb4 COLLATE=utf8mb4_vietnamese_ci;
/*!40101 SET character_set_client = @saved_cs_client */;

--
-- Dumping data for table `new`
--

LOCK TABLES `new` WRITE;
/*!40000 ALTER TABLE `new` DISABLE KEYS */;
INSERT INTO `new` VALUES (28,'Hướng Dẫn Cách Tắm Trắng Bằng Hoa Hồng Tươi Cho Bạn Gái Tại Nhà','tam-trang-bang-hoa-hong-2.jpg','Tắm trắng bằng cánh hoa hồng tươi như thế nào? Hoa hồng không chỉ là một loài hoa đẹp, có hương thơm quyến rũ mà đây còn là thuốc quý giúp da dẻ bạn gái trở nên trắng mịn và vô cùng quyến rũ. Hãy cùng khám phá cách tắm trắng toàn thân bằng hoa','<p><em>Tắm trắng bằng c&aacute;nh hoa hồng tươi như thế n&agrave;o? Hoa hồng kh&ocirc;ng chỉ l&agrave; một lo&agrave;i hoa đẹp, c&oacute; hương thơm quyến rũ m&agrave; đ&acirc;y c&ograve;n l&agrave; thuốc qu&yacute; gi&uacute;p da dẻ bạn g&aacute;i trở n&ecirc;n trắng mịn v&agrave; v&ocirc; c&ugrave;ng quyến rũ. H&atilde;y c&ugrave;ng kh&aacute;m ph&aacute;&nbsp;<strong><a href=\"http://saigonsmilespa.com.vn/tam-trang-va-lam-trang-da/tam-trang-toan-than-yuki-onna-5636\">c&aacute;ch tắm trắng to&agrave;n th&acirc;n</a></strong>&nbsp;bằng hoa hồng nh&eacute;!</em></p>\r\n\r\n<p><a href=\"http://lamtrangda.vn/wp-content/uploads/2018/11/tam-trang-bang-hoa-hong-3.jpg\"><img alt=\"Tắm trắng bằng hoa hồng\" src=\"http://lamtrangda.vn/wp-content/uploads/2018/11/tam-trang-bang-hoa-hong-3.jpg\" style=\"height:375px; width:600px\" /></a></p>\r\n\r\n<p><em>Tắm trắng bằng hoa hồng chắc chắn sẽ khiến chị em h&agrave;i l&ograve;ng</em></p>\r\n\r\n<p>Hoa hồng chứa rất nhiều vitamin c&ugrave;ng c&aacute;c chất chống oxy h&oacute;a cao, c&oacute; thể gi&uacute;p cho l&agrave;n da của ph&aacute;i đẹp trở n&ecirc;n mịn m&agrave;ng, tươi trẻ v&agrave; tr&agrave;n đầy sức sống. Ch&iacute;nh v&igrave; vậy, c&aacute;ch tắm trắng bằng hoa hồng đặc biệt ph&ugrave; hợp cho những bạn g&aacute;i y&ecirc;u th&iacute;ch c&aacute;c&nbsp;<strong><a href=\"http://lamtrangda.vn/\">phương ph&aacute;p l&agrave;m đẹp tự nhi&ecirc;n an to&agrave;n hiệu quả</a></strong>.</p>\r\n\r\n<h3><strong>C&aacute;ch tắm trắng bằng hoa hồng tươi bằng x&ocirc;ng hơi</strong></h3>\r\n\r\n<p>Chuẩn bị nguy&ecirc;n liệu</p>\r\n\r\n<p>3 b&ocirc;ng hoa hồng tươi</p>\r\n\r\n<p>1 b&aacute;t nước to</p>\r\n\r\n<p><a href=\"http://lamtrangda.vn/wp-content/uploads/2018/11/tam-trang-bang-hoa-hong-1.jpg\"><img alt=\"Xông hơi bằng cánh hoa hồng\" src=\"http://lamtrangda.vn/wp-content/uploads/2018/11/tam-trang-bang-hoa-hong-1.jpg\" style=\"height:500px; width:500px\" /></a></p>\r\n\r\n<p><em>X&ocirc;ng hơi bằng c&aacute;nh hoa hồng</em></p>\r\n\r\n<p>Bạn ngắt lấy c&aacute;nh hoa rồi rửa bằng nước sạch. Sau đ&oacute; cho c&aacute;nh hoa hồng, đổ nước v&agrave;o nồi đun s&ocirc;i v&agrave; tắt bếp. V&agrave;o ph&ograve;ng tắm đ&oacute;ng k&iacute;n v&agrave; mở nồi nước ra x&ocirc;ng hơi to&agrave;n th&acirc;n, hoặc chum 1 khăn to k&iacute;n đầu v&agrave; đưa gần mặt s&aacute;t miệng b&aacute;t để hơi nước bốc l&ecirc;n l&agrave;m gi&atilde;n nở lỗ ch&acirc;n l&ocirc;ng, loại sạch vi khuẩn v&agrave; bụi bẩn.</p>\r\n\r\n<p>Với phương ph&aacute;p&nbsp;<strong><a href=\"http://lamtrangda.vn/tam-trang/\">tắm trắng tại nh&agrave;</a></strong>&nbsp;n&agrave;y, lỗ ch&acirc;n l&ocirc;ng sẽ gi&atilde;n nở, loại bỏ to&agrave;n bộ bụi bẩn b&atilde; nhờn t&iacute;ch tụ tr&ecirc;n da l&acirc;u ng&agrave;y. Tinh chất hoa hồng sẽ theo hơi nước, thấm s&acirc;u v&agrave;o da, gi&uacute;p bạn sở hữu một l&agrave;n da mềm mại, căng mịn.</p>\r\n\r\n<h3><strong>C&aacute;ch tắm trắng bằng hoa hồng hiệu quả</strong></h3>\r\n\r\n<p>Nếu nh&agrave; c&oacute; bồn tắm, bạn h&atilde;y thả v&agrave;o bồn khoảng 10 b&ocirc;ng hoa hồng đ&atilde; t&aacute;ch c&aacute;nh, sau đ&oacute; ng&acirc;m m&igrave;nh trong bồn 20 ph&uacute;t. Tinh chất hoa hồng sẽ c&oacute; cơ hội thẩm thấu s&acirc;u b&ecirc;n trong bề mặt da, nu&ocirc;i dưỡng da lu&ocirc;n s&aacute;ng khỏe, mịn m&agrave;ng, ngăn ngừa sắc tố melanin h&igrave;nh th&agrave;nh.</p>\r\n\r\n<p>Nếu kh&ocirc;ng c&oacute; bồn, bạn h&atilde;y thả c&aacute;nh hoa hồng v&agrave;o 1 lọ thủy tinh, đổ ngập giấm v&agrave; n&eacute;n lại, bảo quản nơi kh&ocirc; r&aacute;o, tho&aacute;ng m&aacute;t trong 10 ng&agrave;y.</p>\r\n\r\n<p><a href=\"http://lamtrangda.vn/wp-content/uploads/2018/11/tam-trang-bang-hoa-hong-2.jpg\"><img alt=\"tắm trắng toàn thân bằng hoa hồng\" src=\"http://lamtrangda.vn/wp-content/uploads/2018/11/tam-trang-bang-hoa-hong-2.jpg\" style=\"height:333px; width:500px\" /></a></p>\r\n\r\n<p><em>C&aacute;ch l&agrave;m trắng da to&agrave;n th&acirc;n tại nh&agrave; bằng hoa hồng</em></p>\r\n\r\n<p>Mỗi ng&agrave;y bạn lấy 1 ch&eacute;n nước hoa hồng h&ograve;a v&agrave;o nước tắm để l&agrave;m sạch v&agrave; massage cơ thể. Sau khoảng 1 th&aacute;ng sẽ thấy sắc tố da được cải thiện r&otilde; rệt.</p>\r\n\r\n<p>Lưu &yacute; khi tắm trắng bằng hoa hồng</p>\r\n\r\n<p>N&ecirc;n sử dụng những b&ocirc;ng hoa hồng tươi để tắm trắng.</p>\r\n\r\n<p>Một tuần tắm 2 lần v&agrave; ki&ecirc;n tr&igrave; trong &iacute;t nhất 1-2 th&aacute;ng để nhận thấy kết quả r&otilde; r&agrave;ng. Sau khi tắm trắng, khi đi ra ngo&agrave;i bạn cần lưu &yacute; bảo vệ da bằng &aacute;o d&agrave;i tay, kem chống nắng.</p>\r\n\r\n<p>Tr&ecirc;n đ&acirc;y l&agrave; phần giới thiệu về c&aacute;ch tắm trắng bằng hoa hồng d&agrave;nh cho bạn g&aacute;i tham khảo. Hy vọng với những th&ocirc;ng tin hữu &iacute;ch tr&ecirc;n đ&acirc;y, sẽ gi&uacute;p bạn sớm sở hữu l&agrave;n da trắng mịn như mong muốn.</p>\r\n\r\n<p>Ch&uacute;c bạn th&agrave;nh c&ocirc;ng!</p>\r\n',NULL,NULL,'admin',NULL,0,0,1,3),(29,'Lột Da Đen Nhẻm Trắng Như Trứng Gà Bóc Nhờ  3 Cách Làm Trắng Da Tại Nhà Đơn Giản Dưới Đây','cach-lam-trang-da-tai-nha-3.jpg','Làn da đen nhẻm, cháy nắng, nám sạm sẽ được lột sạch trở nên trắng mịn nhờ 3 cách làm trắng da tại nhà đơn giản mà hiệu quả dưới đây. 1.Cách làm trắng da tại nhà bằng trứng gà Nguyên liệu cần chuẩn bị: – 1 quả trứng gà – 1 quả bơ chín','<p><em>L&agrave;n da đen nhẻm, ch&aacute;y nắng, n&aacute;m sạm sẽ được lột sạch trở n&ecirc;n trắng mịn nhờ 3&nbsp;<strong><a href=\"http://lamtrangda.vn/\">c&aacute;ch l&agrave;m trắng da tại nh&agrave; đơn giản</a></strong>&nbsp;m&agrave; hiệu quả dưới đ&acirc;y.</em></p>\r\n\r\n<h3><strong>1.C&aacute;ch l&agrave;m trắng da tại nh&agrave; bằng trứng g&agrave;</strong></h3>\r\n\r\n<p>Nguy&ecirc;n liệu cần chuẩn bị:</p>\r\n\r\n<p>&ndash; 1 quả trứng g&agrave;</p>\r\n\r\n<p>&ndash; 1 quả bơ ch&iacute;n</p>\r\n\r\n<p>&ndash; B&aacute;t nhỏ, th&igrave;a</p>\r\n\r\n<p><a href=\"http://lamtrangda.vn/wp-content/uploads/2018/11/cach-lam-trang-da-tai-nha-1.jpg\"><img alt=\"cách làm trắng da tại nhà bằng trứng gà\" src=\"http://lamtrangda.vn/wp-content/uploads/2018/11/cach-lam-trang-da-tai-nha-1.jpg\" style=\"height:345px; width:500px\" /></a></p>\r\n\r\n<p><em>Nguy&ecirc;n liệu bạn cần chuẩn bị để thực hiện c&aacute;ch l&agrave;m trắng da tại nh&agrave;</em></p>\r\n\r\n<p>C&aacute;ch thực hiện:</p>\r\n\r\n<p>Đập trứng, t&aacute;ch lấy l&ograve;ng trắng, cho v&agrave;o b&aacute;t rồi cho th&ecirc;m bơ đ&atilde; xay nhuyễn v&agrave;o rồi đ&aacute;nh th&agrave;nh hỗn hợp đồng nhất (s&aacute;nh mịn) th&igrave; dừng lại.</p>\r\n\r\n<p>C&aacute;ch sử dụng:</p>\r\n\r\n<p>&ndash; Rửa mặt sạch với sữa rửa mặt v&agrave; nước ấm để lỗ ch&acirc;n l&ocirc;ng th&ocirc;ng tho&aacute;ng.</p>\r\n\r\n<p>&ndash; Thoa đều hỗn hợp trứng g&agrave; l&ecirc;n mặt, massage nhẹ nh&agrave;ng trong 5 ph&uacute;t, đặc biệt những chỗ bị sạm da để hỗn hợp thấm s&acirc;u v&agrave;o c&aacute;c tế b&agrave;o, đẩy c&aacute;c hắc tố ra ngo&agrave;i.</p>\r\n\r\n<p>&ndash; Lưu lại hỗn hợp tr&ecirc;n mặt chừng 20 ph&uacute;t rồi rửa lại bằng nước ấm. D&ugrave;ng khăn mềm thấm kh&ocirc;.</p>\r\n\r\n<p>&Aacute;p dụng c&aacute;ch n&agrave;y 2-3 lần/tuần, sau 2 tuần bạn sẽ sớm lấy lại l&agrave;n da trắng s&aacute;ng mịn m&agrave;ng như thưở ban đầu.</p>\r\n\r\n<h3><strong>2.C&aacute;ch l&agrave;m trắng da tại nh&agrave; bằng khoai t&acirc;y</strong></h3>\r\n\r\n<p>Nguy&ecirc;n liệu cần chuẩn bị:</p>\r\n\r\n<p>&ndash; 1/2 củ khoai t&acirc;y hấp ch&iacute;n</p>\r\n\r\n<p>&ndash; 1 ch&uacute;t sữa tươi</p>\r\n\r\n<p>&ndash; 1/2 th&igrave;a nước cốt chanh</p>\r\n\r\n<p><a href=\"http://lamtrangda.vn/wp-content/uploads/2018/11/cach-lam-trang-da-tai-nha-2.png\"><img alt=\"cách làm trắng da tại nhà bằng khoai tây\" src=\"http://lamtrangda.vn/wp-content/uploads/2018/11/cach-lam-trang-da-tai-nha-2.png\" style=\"height:376px; width:500px\" /></a></p>\r\n\r\n<p><em>Nguy&ecirc;n liệu đơn giản, dễ kiếm</em></p>\r\n\r\n<p>C&aacute;ch l&agrave;m:</p>\r\n\r\n<p>&ndash; Khoai t&acirc;y sau khi hấp ch&iacute;n cho v&agrave;o b&aacute;t d&ugrave;ng th&igrave;a nghiền n&aacute;t.</p>\r\n\r\n<p>Cho sữa tươi v&agrave; nước cốt chanh đ&atilde; chuẩn bị v&agrave;o b&aacute;t khoai, khuấy đều đến khi thu được hỗn hợp đồng nhất.</p>\r\n\r\n<p>C&aacute;ch sử dụng:</p>\r\n\r\n<p>&ndash; Sau khi rửa sạch mặt bằng sữa rửa mặt v&agrave; nước ấm, bạn thoa đều hỗn hợp l&ecirc;n mặt rồi d&ugrave;ng tay massage nhẹ nh&agrave;ng 3-5 ph&uacute;t.</p>\r\n\r\n<p>&ndash; Lưu lại hỗn hợp tr&ecirc;n da chừng 20-25 ph&uacute;t để c&aacute;c dưỡng chất thấm s&acirc;u v&agrave;o c&aacute;c tế b&agrave;o.</p>\r\n\r\n<p>&ndash; Sau đ&oacute; rửa sạch mặt bằng nước lạnh v&agrave; lấy vi&ecirc;n đ&aacute; lạnh ch&agrave; nhẹ l&ecirc;n mặt để lỗ ch&acirc;n l&ocirc;ng thu nhỏ lại.</p>\r\n\r\n<p>C&ocirc;ng thức&nbsp;<strong><a href=\"http://lamtrangda.vn/lam-trang-da-mat/\">l&agrave;m trắng da mặt&nbsp;</a></strong>&nbsp;n&agrave;y bạn &aacute;p dụng 2 lần/tuần nh&eacute;.</p>\r\n\r\n<h3><strong>3.C&aacute;ch l&agrave;m trắng da tại nh&agrave; bằng c&agrave; chua đ&ocirc;ng đ&aacute;</strong></h3>\r\n\r\n<p>Nguy&ecirc;n liệu cần chuẩn bị</p>\r\n\r\n<p>&ndash; 3-4 quả c&agrave; chua ch&iacute;n mọng</p>\r\n\r\n<p>&ndash; Khay đ&aacute;</p>\r\n\r\n<p>&ndash; Khăn x&ocirc;</p>\r\n\r\n<p><a href=\"http://lamtrangda.vn/wp-content/uploads/2018/11/cach-lam-trang-da-tai-nha-3.jpg\"><img alt=\"cách làm trắng da bằng cà chua đông đá\" src=\"http://lamtrangda.vn/wp-content/uploads/2018/11/cach-lam-trang-da-tai-nha-3.jpg\" style=\"height:281px; width:500px\" /></a></p>\r\n\r\n<p><em>C&aacute;ch l&agrave;m trắng da bằng c&agrave; chua v&ocirc; c&ugrave;ng độc đ&aacute;o</em></p>\r\n\r\n<p>C&aacute;ch l&agrave;m:</p>\r\n\r\n<p>C&agrave; chua sau khi mua về bạn rửa sạch, cắt nhỏ, bỏ hạt xay nhuyễn c&ugrave;ng với nước lọc, sau đ&oacute; lọc lấy nước cốt đổ v&agrave;o khay đ&aacute;, cho v&agrave;o tủ lạnh chừng 5-6 tiếng cho đ&ocirc;ng lại th&agrave;nh đ&aacute;.</p>\r\n\r\n<p>C&aacute;ch sử dụng:</p>\r\n\r\n<p>&ndash; Sau khi rửa sạch mặt bằng sữa rửa mặt v&agrave; nước ấm, bạn lấy 1 vi&ecirc;n đ&aacute; ra, bỏ v&agrave;o khăn x&ocirc; trẻ em rồi ch&agrave; l&ecirc;n da mặt.</p>\r\n\r\n<p>Bạn cứ ch&agrave; đi ch&agrave; lại vi&ecirc;n đ&aacute; khắp da mặt chừng 5-10 ph&uacute;t đến khi đ&aacute; tan hết ra th&igrave; bạn để nguy&ecirc;n lớp bột c&agrave; chua tr&ecirc;n mặt, chờ cho ch&uacute;ng kh&ocirc; lại.</p>\r\n\r\n<p>&ndash; Cuối c&ugrave;ng rửa sạch mặt bằng nước lạnh.</p>\r\n\r\n<p>&Aacute;p dụng c&ocirc;ng thức n&agrave;y mỗi ng&agrave;y 1 lần v&agrave;o mỗi tối, sau 1 tuần bạn sẽ thấy đ&acirc;y l&agrave;&nbsp;<strong><a href=\"http://saigonsmilespa.com.vn/tam-trang-va-lam-trang-da/tri-lieu-trang-hong-da-tac-dung-mat-va-co-210\">c&aacute;ch l&agrave;m da mặt trắng hồng mịn m&agrave;ng</a></strong>&nbsp;v&ocirc; c&ugrave;ng hiệu quả kh&ocirc;ng những thế c&ograve;n l&agrave;m se kh&iacute;t lỗ ch&acirc;n l&ocirc;ng, đồng thời sẹo th&acirc;m cũng mờ dẫn v&agrave; biến mất.</p>\r\n\r\n<p>Ch&uacute;c c&aacute;c bạn sẽ c&oacute; l&agrave;n da trắng mịn với 3 c&aacute;ch l&agrave;m trắng da tại nh&agrave;.</p>\r\n',NULL,NULL,'admin',NULL,0,0,37,3),(30,'Bỏ lỡ cách làm trắng da bằng cám gạo này là bạn đã uổng phí cả 1 đời','lam-trang-da-tu-nhien-bang-cam-gao-2.jpg','Cám gạo được coi là một chất liệu làm trắng da tự nhiên rất tốt  với tác dụng làm sáng da, mờ vết thâm, tẩy da chết, hạn chế tối đa mụn đầu đen, thích hợp cho mọi loại da. Đọc xong bài viết này chắc chắn bạn sẽ tiếc hùi hụi nếu trước nay […]','<p><em>C&aacute;m gạo được coi l&agrave; một chất liệu l&agrave;m trắng da tự nhi&ecirc;n rất tốt &nbsp;với t&aacute;c dụng l&agrave;m s&aacute;ng da, mờ vết th&acirc;m, tẩy da chết, hạn chế tối đa mụn đầu đen, th&iacute;ch hợp cho mọi loại da. Đọc xong b&agrave;i viết n&agrave;y chắc chắn bạn sẽ tiếc h&ugrave;i hụi nếu trước nay đ&atilde; bỏ lỡ thứ nguy&ecirc;n liệu tuyệt vời n&agrave;y.</em></p>\r\n\r\n<h3><strong>1.C&ocirc;ng dụng tuyệt vời của c&aacute;m gạo</strong></h3>\r\n\r\n<p>Trong c&aacute;m gạo chứa protein, lipid, glucid, nhiều chất kho&aacute;ng v&agrave; nguy&ecirc;n tố vi lượng, c&aacute;c vitamin E, B, B2, B6, niacin, biotin&hellip; c&oacute; t&aacute;c dụng l&agrave;m sạch v&agrave;&nbsp;<a href=\"http://lamtrangda.vn/\"><strong>l&agrave;m trắng da tự nhi&ecirc;n</strong></a>&nbsp;rất tốt đối với cơ thể, c&oacute; thể l&agrave;m da mịn m&agrave;ng, tươi trẻ.</p>\r\n\r\n<p>Mặt kh&aacute;c trong lipid của c&aacute;m gạo c&ograve;n c&oacute; tinh dầu c&aacute;m gạo (gamma oryzanol)- l&agrave; một hoạt chất c&oacute; t&aacute;c dụng chống acid h&oacute;a, ngăn chặn được sự x&acirc;m nhập của tia cực t&iacute;m, cản trở hoạt động b&agrave;i tiết sắc tố melanin trong biểu b&igrave;, do đ&oacute; c&oacute; t&aacute;c dụng ph&ograve;ng chống n&aacute;m da. Vitamin E th&igrave; gi&uacute;p da chống lại sự l&atilde;o h&oacute;a.</p>\r\n\r\n<p>Nhiều chuy&ecirc;n gia đ&atilde; đưa ra lời khuy&ecirc;n n&ecirc;n rửa mặt bằng c&aacute;m gạo thường xuy&ecirc;n sẽ đem lại cho bạn l&agrave;n da sạch bụi bẩn, h&uacute;t nhờn v&agrave; th&ocirc;ng tho&aacute;ng lỗ ch&acirc;n l&ocirc;ng m&agrave; c&ograve;n lưu lại tr&ecirc;n da một lượng dưỡng chất, bảo vệ da khỏi &aacute;nh nắng, bụi bẩn b&ecirc;n ngo&agrave;i.</p>\r\n\r\n<p><a href=\"http://lamtrangda.vn/wp-content/uploads/2018/11/lam-trang-da-tu-nhien-bang-cam-gao-1.jpg\"><img alt=\"Làm trắng da tự nhiên bằng cám gạo\" src=\"http://lamtrangda.vn/wp-content/uploads/2018/11/lam-trang-da-tu-nhien-bang-cam-gao-1.jpg\" style=\"height:363px; width:700px\" /></a></p>\r\n\r\n<p><em>L&agrave;m trắng da tự nhi&ecirc;n bằng c&aacute;m gạo sẽ gi&uacute;p bạn c&oacute; l&agrave;n da mịn m&agrave;ng trắng hồng như em b&eacute;</em></p>\r\n\r\n<p>Massage, tẩy da chết sẽ cải thiện l&agrave;n da kh&ocirc; r&aacute;p trở n&ecirc;n mịn m&agrave;ng, những hạt gạo li ti sẽ cuốn đi những tế b&agrave;o chết sần s&ugrave;i tr&ecirc;n da, tạo cảm gi&aacute;c tho&aacute;ng m&aacute;t, sạch mịn, bổ sung c&aacute;c dưỡng ẩm rất tốt cho da,đặc biệt c&ograve;n gi&uacute;p lưu th&ocirc;ng kh&iacute; huyết, da sẽ hồng h&agrave;o tươi tắn.</p>\r\n\r\n<h3><strong>2.C&ocirc;ng thức sử dụng c&aacute;m gạo l&agrave;m trắng da</strong></h3>\r\n\r\n<p><strong>L&agrave;m s&aacute;ng da</strong>, mờ vết th&acirc;m, tẩy da chết, hạn chế tối đa mụn đầu đen, th&iacute;ch hợp cho mọi loại da, đặc biệt tốt đối với những người c&oacute; l&agrave;n da nhạy cảm, dễ bị thương tổn, da kh&ocirc;, da bị mẩn ngứa&hellip;Điểm qua một số c&ocirc;ng thức&nbsp;<strong>l&agrave;m trắng da to&agrave;n th&acirc;n</strong>&nbsp;từ c&aacute;m gạo gi&uacute;p bạn c&oacute; được l&agrave;n da đẹp nh&eacute;:</p>\r\n\r\n<p>Bạn c&oacute; thể d&ugrave;ng c&aacute;m gạo để rửa mặt mỗi ng&agrave;y. Đổ một ch&uacute;t c&aacute;m gạo ra tay th&ecirc;m v&agrave;i giọt nước, thoa đều 2 tay rồi nhẹ nh&agrave;ng m&aacute;t xa l&ecirc;n mặt trong 2 -3 ph&uacute;t rồi rửa bằng nước sạch.</p>\r\n\r\n<p><a href=\"http://lamtrangda.vn/wp-content/uploads/2018/11/lam-trang-da-tu-nhien-bang-cam-gao-3.jpg\"><img alt=\"Đắp mặt bằng cám gạo\" src=\"http://lamtrangda.vn/wp-content/uploads/2018/11/lam-trang-da-tu-nhien-bang-cam-gao-3.jpg\" style=\"height:333px; width:500px\" /></a></p>\r\n\r\n<p><em>Đắp mặt bằng c&aacute;m gạo</em></p>\r\n\r\n<p>Ngo&agrave;i ra, bạn c&oacute; thể h&ograve;a bột c&aacute;m với mật ong v&agrave; chanh, tạo th&agrave;nh một hỗn hợp bột nh&atilde;o, đắp l&ecirc;n mặt v&agrave;o buổi trong khoảng 30 ph&uacute;t, sau đ&oacute; rửa mặt sạch bằng nước ấm, đắp 2 lần /tuần. Phương ph&aacute;p n&agrave;y sẽ gi&uacute;p l&agrave;m trắng da mặt nhanh ch&oacute;ng, h&uacute;t sạch dầu nhờn tr&ecirc;n da.</p>\r\n\r\n<p><a href=\"http://lamtrangda.vn/wp-content/uploads/2018/11/lam-trang-da-tu-nhien-bang-cam-gao-2.jpg\"><img alt=\"Làm trắng da toàn bằng bằng cám gạo\" src=\"http://lamtrangda.vn/wp-content/uploads/2018/11/lam-trang-da-tu-nhien-bang-cam-gao-2.jpg\" style=\"height:333px; width:500px\" /></a></p>\r\n\r\n<p><em>L&agrave;m trắng da to&agrave;n bằng bằng c&aacute;m gạo</em></p>\r\n\r\n<p>Bạn muốn tẩy da chết v&agrave;&nbsp;<strong>l&agrave;m trắng da to&agrave;n th&acirc;n</strong>&nbsp;th&igrave; sử dụng phương ph&aacute;p n&agrave;y. Bột c&aacute;m h&ograve;a với nước ấm, sữa tươi, lấy hỗn hợp n&agrave;y thoa l&ecirc;n to&agrave;n th&acirc;n, kết hợp với c&aacute;c biện ph&aacute;p m&aacute;t xa để lại trong khoảng 5-10 ph&uacute;t, sau đ&oacute; tắm lại bằng nước ấm, hoặc tắm nước vo gạo thường xuy&ecirc;n cũng sẽ gi&uacute;p l&agrave;n da của bạn trở n&ecirc;n l&aacute;ng mịn.</p>\r\n',NULL,NULL,'admin',NULL,0,0,10,3),(31,'Mặt nạ dưỡng trắng da trong thời tiết hanh khô','lam-trang-da-voi-dau-dua.jpg','Thời tiết bắt đầu lạnh, thời tiết hanh khô bạn phải chăm sóc làn da của mình như thế nào để vừa mịn màng lại trắng sáng. Cùng khám phá các công thức làm trắng da và dưỡng ẩm da trong thời tiết hanh khô này nhé. >>> Dùng 1 Nắm Gạo Đun Với Sữa […]','<h3><strong>1.Dầu dừa</strong></h3>\r\n\r\n<p>Trong bất cứ c&ocirc;ng thức dưỡng ẩm n&agrave;o, dầu dừa cũng đ&oacute;ng một vai tr&ograve; quan trọng v&igrave; khả năng l&agrave;m mềm mịn da tuyệt vời. Để sở hữu một l&agrave;n da s&aacute;ng m&agrave;u hơn, bạn c&oacute; thể trộn th&ecirc;m b&atilde; c&agrave; ph&ecirc; hoặc bột c&agrave; ph&ecirc; để tắm 2-3 lần mỗi tuần để&nbsp;<a href=\"http://lamtrangda.vn/lam-trang-da-toan-than/\"><strong>l&agrave;m trắng da to&agrave;n th&acirc;n</strong></a>.</p>\r\n\r\n<p><a href=\"http://lamtrangda.vn/wp-content/uploads/2018/10/lam-trang-da-voi-dau-dua.jpg\"><img alt=\"Thoa dầu dừa lên da rồi mát xa là cách làm trắng da và dưỡng ẩm đơn giản nhất\" src=\"http://lamtrangda.vn/wp-content/uploads/2018/10/lam-trang-da-voi-dau-dua.jpg\" style=\"height:500px; width:500px\" /></a></p>\r\n\r\n<p><em>Thoa dầu dừa l&ecirc;n da rồi m&aacute;t xa l&agrave; c&aacute;ch l&agrave;m trắng da v&agrave; dưỡng ẩm đơn giản nhất</em></p>\r\n\r\n<h3><strong>2.Yến mạch</strong></h3>\r\n\r\n<p>Yến mạch kh&ocirc;ng những c&oacute; thể gi&uacute;p l&agrave;n da của bạn mịn mượt m&agrave; c&ograve;n &ldquo;đ&aacute;nh bay&rdquo; những t&igrave; vết như th&acirc;m, mẩn đỏ, sần vỏ cam&hellip;Yến mạnh l&agrave;nh t&iacute;nh n&ecirc;n an to&agrave;n với mọi l&agrave;n da. Để sử dụng đạt hiệu quả, h&atilde;y kết hợp yến mạch c&ugrave;ng sữa tươi thay cho sữa rửa mặt v&agrave; sữa tắm, chắc chắn bạn sẽ nhanh ch&oacute;ng c&oacute; một l&agrave;n da đ&aacute;ng mơ ước.</p>\r\n\r\n<p><a href=\"http://lamtrangda.vn/wp-content/uploads/2018/10/lam-trang-da-voi-yen-mach.jpg\"><img alt=\"làm trắng da bằng yến mạch\" src=\"http://lamtrangda.vn/wp-content/uploads/2018/10/lam-trang-da-voi-yen-mach.jpg\" style=\"height:302px; width:600px\" /></a></p>\r\n\r\n<p><em>Yến mạch mang đến nhiều lợi &iacute;ch cho l&agrave;n da</em></p>\r\n\r\n<h3><strong>3.Xo&agrave;i</strong></h3>\r\n\r\n<p>Trong tr&aacute;i xo&agrave;i rất gi&agrave;u vitamin A, E, C-những vitamin thiết yếu cho l&agrave;n da đẹp n&ecirc;n bạn c&oacute; thể&nbsp;<a href=\"http://lamtrangda.vn/lam-trang-da-mat/\"><strong>l&agrave;m trắng da mặt</strong></a>&nbsp;v&agrave; trắng da to&agrave;n th&acirc;n bằng xo&agrave;i. H&agrave;m lượng chất chống oxy h&oacute;a cao cung cấp khả năng dưỡng ẩm cực kỳ hiệu quả cũng như phục hồi tế b&agrave;o da nhanh ch&oacute;ng. Nếu thường xuy&ecirc;n &aacute;p dụng mặt nạ xo&agrave;i, bạn sẽ c&oacute; được một l&agrave;n da khỏe mạnh, s&aacute;ng mịn v&agrave; kh&ocirc;ng c&oacute; dấu hiệu l&atilde;o h&oacute;a. Xay nhuyễn xo&agrave;i với một th&igrave;a dầu &ocirc; liu sau đ&oacute; đắp l&ecirc;n mặt khoảng 15 ph&uacute;t rồi rửa sạch bằng nước ấm. H&atilde;y l&agrave;m h&agrave;ng ng&agrave;y để c&oacute; l&agrave;n da như mong muốn.</p>\r\n\r\n<p><a href=\"http://lamtrangda.vn/wp-content/uploads/2018/10/lam-trang-da-voi-xoai.png\"><img alt=\"làm trắng da bằng xoài\" src=\"http://lamtrangda.vn/wp-content/uploads/2018/10/lam-trang-da-voi-xoai.png\" style=\"height:321px; width:601px\" /></a></p>\r\n\r\n<p><em>Xo&agrave;i</em><em>&nbsp;c&oacute; nhiều vitamin thiết yếu cho một l&agrave;n da s&aacute;ng mịn</em></p>\r\n\r\n<h3><strong>4.Trứng g&agrave;</strong></h3>\r\n\r\n<p>Trứng g&agrave; c&oacute; t&aacute;c dụng như một &ldquo;thần dược&rdquo; tẩy sạch tế b&agrave;o chết , ti&ecirc;u diệt vi khuẩn, gi&uacute;p l&agrave;m sạch s&acirc;u n&ecirc;n c&oacute; thể sử dụng để loại bỏ c&aacute;c nh&acirc;n mụn đầu đen, mụn c&aacute;m tr&ecirc;n da mặt. Lấy 1 quả trứng g&agrave; v&agrave; t&aacute;ch ri&ecirc;ng l&ograve;ng đỏ cũng như l&ograve;ng trắng. Bạn c&oacute; thể sử dụng l&ograve;ng trắng như một loại mặt nạ lột nhẹ, lấy sạch bụi bẩn v&agrave; dầu thừa tr&ecirc;n da.</p>\r\n\r\n<p>C&aacute;ch l&agrave;m, thoa lớp l&ograve;ng trắng thứ nhất, để cho ch&uacute;ng hơi keo lại, bạn sẽ thoa tiếp lớp thứ hai. Đến khi mặt nạ c&oacute; một độ d&agrave;y vừa phải, bạn đ&atilde; c&oacute; thể y&ecirc;n t&acirc;m ngồi đợi lột ch&uacute;ng ra. Sau đ&oacute; sử dụng l&ograve;ng đỏ để dưỡng ẩm những v&ugrave;ng da bị kh&ocirc;.</p>\r\n\r\n<p><a href=\"http://lamtrangda.vn/wp-content/uploads/2018/10/lam-trang-da-voi-trung-ga.jpg\"><img alt=\"Làm trắng da khô hay da dầu thì trứng gà đều rất phù hợp\" src=\"http://lamtrangda.vn/wp-content/uploads/2018/10/lam-trang-da-voi-trung-ga.jpg\" style=\"height:301px; width:500px\" /></a></p>\r\n\r\n<p><em>L&agrave;m trắng da kh&ocirc; hay da dầu th&igrave; trứng g&agrave; đều rất ph&ugrave; hợp</em></p>\r\n\r\n<p>Với những gợi &yacute; ở tr&ecirc;n th&igrave; chắc chắn bạn sẽ kh&ocirc;ng c&ograve;n phải lo lắng về l&agrave;n da của m&igrave;nh trong m&ugrave;a Thu Đ&ocirc;ng n&agrave;y rồi.</p>\r\n',NULL,NULL,'admin',NULL,0,0,2,3),(32,'Chia Sẻ Những Cách Làm Trắng Da Cho Các Mẹ Sau Sinh','lam-trang-da-sau-sinh-bang-sua-me.jpg','Làm sao để có làn da đẹp ngay khi vừa sinh nở? Đây là 1 vấn đề mà nhiều  chị em rất lo ngại về làn da của mình sẽ không còn tươi sáng, hồng hào như trước nữa, và cách khắc phục, chăm sóc như thế nào là tốt và không ảnh hưởng đến mẹ và em bé? Hãy cùng khám phá cách làm trắng da an toàn cho các bà mẹ sau sinh nhé','<p><em>L&agrave;m sao để c&oacute; l&agrave;n da đẹp ngay khi vừa sinh nở? Đ&acirc;y l&agrave; 1 vấn đề m&agrave; nhiều &nbsp;chị em rất lo ngại về l&agrave;n da của m&igrave;nh sẽ kh&ocirc;ng c&ograve;n tươi s&aacute;ng, hồng h&agrave;o như trước nữa, v&agrave; c&aacute;ch khắc phục, chăm s&oacute;c như thế n&agrave;o l&agrave; tốt v&agrave; kh&ocirc;ng ảnh hưởng đến mẹ v&agrave; em b&eacute;? H&atilde;y c&ugrave;ng kh&aacute;m ph&aacute; c&aacute;ch l&agrave;m trắng da an to&agrave;n cho c&aacute;c b&agrave; mẹ sau sinh nh&eacute;.</em></p>\r\n\r\n<h3><strong>&nbsp;</strong><strong>1.L&agrave;m trắng da sau sinh bằng sữa mẹ</strong></h3>\r\n\r\n<p>Sữa mẹ kh&ocirc;ng chỉ l&agrave; nguồn dinh dưỡng qu&yacute; gi&aacute; cho b&eacute; m&agrave; c&ograve;n l&agrave; mỹ phẩm<strong>&nbsp;<a href=\"http://lamtrangda.vn/\">l&agrave;m trắng da tự nhi&ecirc;n</a></strong>&nbsp;an to&agrave;n v&agrave; hiệu quả. Trong sữa mẹ c&oacute; đầy đủ c&aacute;c vitamin v&agrave; kho&aacute;ng chất cần thiết để da được nu&ocirc;i dưỡng v&agrave; trở n&ecirc;n trắng đẹp mịn m&agrave;ng. Với những b&agrave; mẹ mới sinh con, kh&ocirc;ng g&igrave; tuyệt vời hơn l&agrave; sử dụng sữa mẹ để l&agrave;m trắng da mỗi ng&agrave;y.</p>\r\n\r\n<p>Thực hiện: Sử dụng 1/3 ch&eacute;n sữa nhỏ (khoảng 3 th&igrave;a c&agrave; ph&ecirc;) rồi d&ugrave;ng miếng b&ocirc;ng nhỏ thấm sữa, xoa đều l&ecirc;n mặt v&agrave; massage nhẹ nh&agrave;ng. Để kh&ocirc; khoảng 3 ph&uacute;t sau đ&oacute; bạn lại tiếp tục thấm sữa xoa đều l&ecirc;n mặt. L&agrave;m li&ecirc;n tục như vậy 3 lần. Tới lần thứ ba, để kh&ocirc; trong 15 ph&uacute;t rồi rửa mặt sạch bằng nước.</p>\r\n\r\n<p><a href=\"http://lamtrangda.vn/wp-content/uploads/2018/09/lam-trang-da-sau-sinh-bang-sua-me.jpg\"><img alt=\"làm trắng da bằng sữa mẹ\" src=\"http://lamtrangda.vn/wp-content/uploads/2018/09/lam-trang-da-sau-sinh-bang-sua-me.jpg\" style=\"height:400px; width:600px\" /></a></p>\r\n\r\n<p><em>B&ocirc;i sữa mẹ l&ecirc;n da mặt để l&agrave;m trắng da sau sinh tự nhi&ecirc;n gi&uacute;p da s&aacute;ng đẹp mịn m&agrave;ng</em></p>\r\n\r\n<h3><strong>2.Dưỡng da trắng hồng sau khi sinh bằng củ nghệ</strong></h3>\r\n\r\n<p>Nghệ l&agrave; &nbsp;nguy&ecirc;n liệu được c&aacute;c b&agrave; mẹ sau sinh sử dụng nhiều nhất để l&agrave;m đẹp, vừa gi&uacute;p chống hậu sản, l&agrave;m đẹp da ki&ecirc;m lu&ocirc;n giảm mỡ bụng. Đối với c&ocirc;ng dụng dưỡng da, do trong nghệ c&oacute; tinh chất curcumin l&agrave; chất chống &ocirc;xy h&oacute;a hữu hiệu. Curcumin c&oacute; khả năng ngăn ngừa l&atilde;o h&oacute;a,&nbsp;<strong><a href=\"http://saigonsmilespa.com.vn/dich-vu/tre-hoa-da-bang-te-bao-noan-thuc-vat-1658\">trẻ h&oacute;a da</a></strong>&nbsp;gi&uacute;p da trắng hồng, mịn m&agrave;ng đồng thời l&agrave;m giảm c&aacute;c vết th&acirc;m n&aacute;m v&agrave; l&agrave;m mờ vết t&agrave;n nhang rất hữu hiệu.</p>\r\n\r\n<p><a href=\"http://lamtrangda.vn/wp-content/uploads/2018/09/lam-trang-da-sau-sinh-bang-nghe.jpg\"><img alt=\"Làm trắng da bằng củ nghệ\" src=\"http://lamtrangda.vn/wp-content/uploads/2018/09/lam-trang-da-sau-sinh-bang-nghe.jpg\" style=\"height:337px; width:600px\" /></a></p>\r\n\r\n<p><em>L&agrave;m trắng da bằng củ nghệ</em></p>\r\n\r\n<p>Thực hiện: Lấy 1 muỗng canh bột nghệ, 1 muỗng canh bột gạo hoặc c&aacute;m gạo, 1 muỗng canh sữa tươi. Sau đ&oacute; trộn đều tất cả th&agrave;nh phần, b&ocirc;i l&ecirc;n mặt trong v&ograve;ng 20-30 ph&uacute;t, chờ cho lớp hỗn hợp kh&ocirc; lại th&igrave; rửa sạch mặt bằng nước ấm. Thực hiện c&aacute;ch l&agrave;m trắng da mặt n&agrave;y c&aacute;c mẹ sau sinh sẽ sớm lấy lại l&agrave;n da trắng mịn của m&igrave;nh.</p>\r\n\r\n<h3><strong>3.L&agrave;m trắng da to&agrave;n th&acirc;n sau sinh bằng đậu đỏ</strong></h3>\r\n\r\n<p>Một trong những nguy&ecirc;n liệu an to&agrave;n, tự nhi&ecirc;n kh&aacute;c gi&uacute;p l&agrave;m trắng da sau khi sinh được nhiều chị em sử dụng l&agrave; bột đậu đỏ. Kh&ocirc;ng chỉ c&oacute; t&aacute;c dụng l&agrave;m trắng da mặt, bột đậu đỏ c&ograve;n gi&uacute;p&nbsp;<strong><a href=\"http://lamtrangda.vn/tam-trang/\">tắm trắng da to&agrave;n th&acirc;n</a></strong>&nbsp;rất hiệu quả.</p>\r\n\r\n<p>Trong đậu đỏ c&oacute; h&agrave;m lượng protein, kali v&agrave; chất sắt gi&uacute;p da săn chắc, trắng hồng tự nhi&ecirc;n v&agrave; săn chắc hơn. Bạn c&oacute; thể mua đậu đỏ xay th&agrave;nh bột mịn v&agrave; bảo quản d&ugrave;ng dần.</p>\r\n\r\n<p>Nguy&ecirc;n liệu:</p>\r\n\r\n<p>2 th&igrave;a lớn bột đậu đỏ.</p>\r\n\r\n<p>2 th&igrave;a sữa tươi.</p>\r\n\r\n<p><a href=\"http://lamtrangda.vn/wp-content/uploads/2018/09/lam-trang-da-sau-sinh-bang-dau-do.jpg\"><img alt=\"Tắm trắng bằng bột đậu đỏ\" src=\"http://lamtrangda.vn/wp-content/uploads/2018/09/lam-trang-da-sau-sinh-bang-dau-do.jpg\" style=\"height:450px; width:600px\" /></a></p>\r\n\r\n<p><em>Tắm trắng bằng bột đậu đỏ</em></p>\r\n\r\n<p>Chỉ cần lấy một lượng bột đủ d&ugrave;ng, pha với sữa tươi kh&ocirc;ng đường, sau đ&oacute; trộn đều bột v&agrave; sữa để tạo th&agrave;nh hỗn hợp sệt lỏng. Thoa đều hỗn hợp n&agrave;y l&ecirc;n to&agrave;n th&acirc;n v&agrave; m&aacute;t xa trong v&ograve;ng 15 ph&uacute;t sau đ&oacute; tắm lại. Bạn sẽ tận hưởng sự mềm mại v&agrave; s&aacute;ng mịn ngay khi vừa mới chạm v&agrave;o l&agrave;n da sau khi tắm trắng.</p>\r\n',NULL,NULL,'admin',NULL,1,0,1,3),(33,'3 Cách Tắm Trắng Toàn Thân Hiệu Quả Bằng Bột Mì Cho Cô Nàng Da Ngăm','tam-trang-bang-bot-mi-3.jpg','Cách tắm trắng bằng bột mì này được nhiều phái đẹp yêu thích và sử dụng ngay tại nhà, để sở hữu một làn da đẹp như mơ ước. Cùng khám ngay các công thức tắm trắng toàn thân bằng bột mì hiệu quả nhất nhé.','<p><em>C&aacute;ch tắm trắng bằng bột m&igrave; n&agrave;y được nhiều ph&aacute;i đẹp y&ecirc;u th&iacute;ch v&agrave; sử dụng ngay tại nh&agrave;, để sở hữu một l&agrave;n da đẹp như mơ ước. C&ugrave;ng kh&aacute;m ngay c&aacute;c c&ocirc;ng thức tắm trắng to&agrave;n th&acirc;n bằng bột m&igrave; hiệu quả nhất nh&eacute;.</em></p>\r\n\r\n<h3><strong>Tắm trắng bằng bột m&igrave; v&agrave; mật ong</strong></h3>\r\n\r\n<p>Mật ong được coi l&agrave; thần dược chăm s&oacute;c da tự nhi&ecirc;n, đ&atilde; c&oacute; từ rất l&acirc;u trong d&acirc;n gian, được nhiều kh&aacute;ch h&agrave;ng y&ecirc;u th&iacute;ch sử dụng. Mật ong c&oacute; thể cung cấp độ ẩm cho da, s&aacute;t khuẩn, chống oxy h&oacute;a, bảo vệ da lu&ocirc;n khỏe mạnh, trắng mịn. Do vậy mật ong được rất nhiều chị em y&ecirc;u th&iacute;ch v&agrave; thường xuy&ecirc;n kết hợp với tắm trắng bằng mật ong, gi&uacute;p da căng mượt, b&oacute;ng khỏe.</p>\r\n\r\n<p><a href=\"http://lamtrangda.vn/wp-content/uploads/2018/11/tam-trang-bang-bot-mi-3.jpg\"><img alt=\"Tắm trắng toàn thân bằng mật ong và bột mì\" src=\"http://lamtrangda.vn/wp-content/uploads/2018/11/tam-trang-bang-bot-mi-3.jpg\" style=\"height:400px; width:500px\" /></a></p>\r\n\r\n<p><em>Tắm trắng to&agrave;n th&acirc;n bằng mật ong v&agrave; bột m&igrave;</em></p>\r\n\r\n<p><a href=\"http://lamtrangda.vn/tam-trang/\"><strong>C&aacute;ch tắm trắng to&agrave;n th&acirc;n</strong></a>&nbsp;bằng bột m&igrave; v&agrave; mật ong như sau: Bạn g&aacute;i d&ugrave;ng khoảng 1 b&aacute;t con bột m&igrave;, 1 muỗng mật ong h&ograve;a c&ugrave;ng với nước sạch cho hỗn hợp s&aacute;nh mịn. Đắp hỗn hợp tắm trắng n&agrave;y l&ecirc;n người v&agrave; nằm thư gi&atilde;n. Sau 30 ph&uacute;t, b&oacute;c lớp bột ra v&agrave; tắm,bạn sẽ thấy bất ngờ v&igrave; sự cải thiện tuyệt vời d&agrave;nh cho những ai muốn c&oacute; một l&agrave;n trắng mịn đẹp như &yacute;!</p>\r\n\r\n<h3><strong>Tắm trắng bằng bột m&igrave; v&agrave; chanh tươi</strong></h3>\r\n\r\n<p>Chanh tươi l&agrave; một trong những nguy&ecirc;n liệu<a href=\"http://saigonsmilespa.com.vn/tam-trang-va-lam-trang-da/tam-trang-toan-than-yuki-onna-5636\"><strong>&nbsp;l&agrave;m trắng da nhanh</strong></a>&nbsp;nhờ v&agrave;o khả năng tẩy sạch tế b&agrave;o chết tr&ecirc;n da, đồng thời loại bỏ b&atilde; nhờn, bụi bẩn t&iacute;ch tụ tr&ecirc;n da trong một thời gian d&agrave;i. Chanh tươi gi&agrave;u vitamin C v&agrave; chất chống oxy h&oacute;a, chất axit c&oacute; trong chanh c&ograve;n c&oacute; t&aacute;c dụng tẩy tế b&agrave;o chết, l&agrave;m s&aacute;ng da v&agrave; mờ c&aacute;c vết n&aacute;m hiệu quả.</p>\r\n\r\n<p><a href=\"http://lamtrangda.vn/wp-content/uploads/2018/11/tam-trang-bang-bot-mi-1.jpg\"><img alt=\"Bạn sẽ sớm sở hữu làn da trắng mịn với công thức tắm trắng từ bột mì và chanh\" src=\"http://lamtrangda.vn/wp-content/uploads/2018/11/tam-trang-bang-bot-mi-1.jpg\" style=\"height:433px; width:650px\" /></a></p>\r\n\r\n<p><em>Bạn sẽ sớm sở hữu l&agrave;n da trắng mịn với c&ocirc;ng thức tắm trắng từ bột m&igrave; v&agrave; chanh</em></p>\r\n\r\n<p>C&aacute;ch tắm trắng bằng bột m&igrave; v&agrave; chanh như sau:&nbsp; H&ograve;a 1 ch&eacute;n gạo nhỏ v&agrave; 4 th&igrave;a nước cốt chanh tươi c&ugrave;ng nước sạch tạo th&agrave;nh hỗn hợp s&aacute;nh mịn. Sau đ&oacute; thoa đều l&ecirc;n da, thư gi&atilde;n trong 20 ph&uacute;t rồi tắm lại bằng nước sạch. Thực hiện&nbsp;<a href=\"http://lamtrangda.vn/\"><strong>c&aacute;ch l&agrave;m trắng da tại nh&agrave;</strong></a>&nbsp;n&agrave;y bạn g&aacute;i cần ch&uacute; &yacute; lựa chọn những quả chanh tươi, nhiều nước, để gi&uacute;p cho l&agrave;n da được đẹp v&agrave; khỏe mạnh nhất.</p>\r\n\r\n<h3><strong>Tắm trắng bằng bột m&igrave; v&agrave; sữa tươi</strong></h3>\r\n\r\n<p>Sữa tươi, đặc biệt l&agrave; sữa tươi kh&ocirc;ng đường l&agrave; nguồn dinh dưỡng tuyệt vời d&agrave;nh cho cơ thể. Tắm trắng bằng sữa tươi v&agrave; bột m&igrave; đ&atilde; v&agrave; đang l&agrave; xu hướng l&agrave;m trắng da hot nhất hiện nay được đ&ocirc;ng đảo ph&aacute;i đẹp sử dụng, ưa chuộng. Bột m&igrave; v&agrave; sữa tươi l&agrave; sự kết hợp ho&agrave;n hảo mang đến l&agrave;n da s&aacute;ng mịn v&agrave; hồng h&agrave;o một c&aacute;ch nhanh ch&oacute;ng.</p>\r\n\r\n<p><a href=\"http://lamtrangda.vn/wp-content/uploads/2018/11/tam-trang-bang-bot-mi-2.jpg\"><img alt=\"Tắm trắng bằng bột mì và sữa tươi\" src=\"http://lamtrangda.vn/wp-content/uploads/2018/11/tam-trang-bang-bot-mi-2.jpg\" style=\"height:435px; width:573px\" /></a></p>\r\n\r\n<p><em>Tắm trắng bằng bột m&igrave; v&agrave; sữa tươi</em></p>\r\n\r\n<p>C&aacute;ch tắm trắng da to&agrave;n th&acirc;n bằng bột gạo vay v&agrave; sữa chua:</p>\r\n\r\n<p>Sữa tươi kh&ocirc;ng đường v&agrave; bột gạo theo tỷ lệ 1:1, trộn đều với nhau. Sau đ&oacute;, b&ocirc;i đều hỗn hợp đ&oacute; l&ecirc;n da, kết hợp c&aacute;c động t&aacute;c massage nhẹ nh&agrave;ng để dưỡng chất thấm s&acirc;u v&agrave;o trong da. Massage một c&aacute;ch nhẹ nh&agrave;ng, gi&uacute;p cho c&aacute;c dưỡng chất tự nhi&ecirc;n thấm s&acirc;u v&agrave;o trong da, gi&uacute;p da mềm mại, trắng mịn v&agrave; đầy sức sống.</p>\r\n\r\n<p>Ch&uacute;c c&aacute;c bạn th&agrave;nh c&ocirc;ng!</p>\r\n',NULL,NULL,'admin',NULL,0,0,31,3),(34,'Tắm Trắng Với Công Thức Tự Nhiên Này, Da Có Chai Lỳ Đến Đâu Cũng Trở Nên Láng Mịn','tam-trang-bang-tia-to.jpg','Cách tắm trắng từ các nguyên liệu tự nhiên dễ kiếm như cám gạo, mật ong, đu đủ rất an toàn cho làn da mà bạn có thể thực hiện tại nhà bất cứ lúc nào.','<p><em>C&aacute;ch tắm trắng từ c&aacute;c nguy&ecirc;n liệu tự nhi&ecirc;n dễ kiếm như c&aacute;m gạo, mật ong, đu đủ rất an to&agrave;n cho l&agrave;n da m&agrave; bạn c&oacute; thể thực hiện tại nh&agrave; bất cứ l&uacute;c n&agrave;o.</em></p>\r\n\r\n<h3><strong>1.Tắm trắng bằng c&aacute;m gạo, mật ong, sữa tươi</strong></h3>\r\n\r\n<p>Trong c&aacute;m gạo v&agrave; sữa tươi chứa nhiều vitamin A,B,E v&agrave; kho&aacute;ng chất c&oacute; t&aacute;c dụng t&aacute;i tạo v&agrave; nu&ocirc;i dưỡng l&agrave;n da s&aacute;ng l&ecirc;n từng ng&agrave;y.</p>\r\n\r\n<p>Mật ong kết hợp với c&aacute;m gạo v&agrave; sữa tươi sẽ c&oacute; t&iacute;nh s&aacute;t khuẩn mạnh gi&uacute;p ti&ecirc;u diệt c&aacute;c vi khuẩn g&acirc;y mụn. Đồng thời trong mật ong gi&uacute;p loại bỏ được c&aacute;c tạp chất trong lỗ ch&acirc;n l&ocirc;ng để cho l&agrave;n da của bạn hấp thụ được nhiều dưỡng chất.</p>\r\n\r\n<p><a href=\"http://lamtrangda.vn/wp-content/uploads/2018/11/tam-trang-bang-cam-gao-sua-tuoi.jpg\"><img alt=\"tắm trắng bằng cám gạo\" src=\"http://lamtrangda.vn/wp-content/uploads/2018/11/tam-trang-bang-cam-gao-sua-tuoi.jpg\" style=\"height:520px; width:500px\" /></a></p>\r\n\r\n<p><em>Tắm trắng bằng c&aacute;m gạo</em></p>\r\n\r\n<p>Chuẩn bị: 1 b&aacute;t con c&aacute;m gạo, 4 th&igrave;a c&agrave; ph&ecirc; mật ong, 1 t&uacute;i sữa tươi kh&ocirc;ng đường</p>\r\n\r\n<p>Trộn tất cả hỗn hợp c&aacute;m gạo, mật ong, sữa tươi với nhau để cho hỗn hợp s&aacute;nh mịn. Bạn l&agrave;m sạch da rồi thoa hỗn hợp l&ecirc;n to&agrave;n th&acirc;n trong khoảng 15-20 ph&uacute;t rồi tắm lại với nước ấm. Bạn n&ecirc;n tắm trắng bằng c&aacute;m gạo 1 lần/tuần để duy tr&igrave; sự trắng mịn của l&agrave;n da.</p>\r\n\r\n<h3><strong>2.Tắm trắng bằng bia, muối biển, chanh, trứng g&agrave;</strong></h3>\r\n\r\n<p>Trong trứng g&agrave; chứa chất b&eacute;o cung cấp độ ẩm v&agrave; dưỡng chất gi&uacute;p da trắng l&ecirc;n từng ng&agrave;y. Bia l&agrave; đồ uống phổ biến hiện nay, trong bia c&oacute; chứa c&aacute;c loại enzym rất tốt với sức khoẻ v&agrave; được sử dụng nhiều trong&nbsp;<strong><a href=\"http://lamtrangda.vn/tam-trang/\">tắm trắng tại nh&agrave;</a></strong>.</p>\r\n\r\n<p>Sự kết hợp ho&agrave;n hảo giữa c&aacute;c hỗn bia, trứng g&agrave;, chanh v&agrave; muối biển gi&uacute;p loại bỏ da chết, trị mụn khiến cho l&agrave;n da trắng l&ecirc;n từng ng&agrave;y.</p>\r\n\r\n<p><a href=\"http://lamtrangda.vn/wp-content/uploads/2018/11/tam-trang-bang-bia-trung-ga.jpg\"><img alt=\"tắm trắng bằng bia và trứng gà\" src=\"http://lamtrangda.vn/wp-content/uploads/2018/11/tam-trang-bang-bia-trung-ga.jpg\" style=\"height:413px; width:500px\" /></a></p>\r\n\r\n<p><em>Bia v&agrave; trứng g&agrave; l&agrave; hỗn hợp tắm trắng hiệu quả bất ngờ</em></p>\r\n\r\n<p>Chuẩn bị: 1/2 lon bia, 1 quả trứng g&agrave;, 1 quả chanh tươi, 1/2 th&igrave;a muối biển</p>\r\n\r\n<p>Bạn cho tất cả c&aacute;c nguy&ecirc;n liệu đ&atilde; chuẩn bị v&agrave;o trộn đều với nhau. Sau đ&oacute;, m&aacute;t xa to&agrave;n th&acirc;n khoảng 15-20 ph&uacute;t rồi tắm lại với nước ấm thực hiện từ 1-2 lần/tuần.</p>\r\n\r\n<h3><strong>3.Tắm trắng bằng l&aacute; t&iacute;a t&ocirc;</strong></h3>\r\n\r\n<p>L&aacute; t&iacute;a t&ocirc; c&oacute; chứa nhiều chất chống &ocirc; xy h&oacute;a mạnh mẽ, gi&uacute;p l&agrave;n da trẻ trung v&agrave; khỏe mạnh hơn rất nhiều. N&oacute; kh&ocirc;ng chỉ&nbsp;<strong><a href=\"http://lamtrangda.vn/\">l&agrave;m da trắng hồng</a></strong>&nbsp;hơn m&agrave; c&ograve;n giảm sự t&aacute;c động của &aacute;nh nắng mặt trời đến l&agrave;n da.</p>\r\n\r\n<p><a href=\"http://lamtrangda.vn/wp-content/uploads/2018/11/tam-trang-bang-tia-to.jpg\"><img alt=\"tắm trắng bằng lá tía tô\" src=\"http://lamtrangda.vn/wp-content/uploads/2018/11/tam-trang-bang-tia-to.jpg\" style=\"height:281px; width:500px\" /></a></p>\r\n\r\n<p><em>Tắm trắng bằng l&aacute; t&iacute;a t&ocirc;</em></p>\r\n\r\n<p>Bạn cho 1 nắm l&aacute; t&iacute;a t&ocirc; v&agrave;o nồi nước đun s&ocirc;i khoảng v&agrave;i ph&uacute;t. Sau đ&oacute;, đổ nước n&agrave;y h&ograve;a chung với nước ấm, vắt th&ecirc;m ch&uacute;t chanh rồi tắm như b&igrave;nh thường. Lấy nước n&agrave;y lau đi lau lại to&agrave;n th&acirc;n gi&uacute;p l&agrave;n da s&aacute;ng l&ecirc;n mỗi ng&agrave;y.</p>\r\n\r\n<p>D&ugrave; c&oacute; nhiều&nbsp;<strong><a href=\"http://saigonsmilespa.com.vn/tam-trang-va-lam-trang-da/tam-trang-toan-than-yuki-onna-5636\">c&aacute;ch tắm trắng cấp tốc</a></strong>&nbsp;hơn gi&uacute;p chị em nhanh ch&oacute;ng c&oacute; l&agrave;n da l&aacute;ng mịn nhưng r&otilde; r&agrave;ng những nguy&ecirc;n liệu tự nhi&ecirc;n n&agrave;y vừa an to&agrave;n, tiết kiệm chi ph&iacute; m&agrave; hiệu quả cũng kh&ocirc;ng thua k&eacute;m g&igrave; c&aacute;c loại mỹ phẩm đắt tiền đ&uacute;ng kh&ocirc;ng n&agrave;o.</p>\r\n',NULL,NULL,'admin',NULL,0,0,0,3),(35,'Da Trắng Như Bông Bưởi, Mịn Màng Không Tỳ Vết Nhờ Bắp Cải','lam-trang-da-bang-bap-cai-1.jpg','Trước đây tôi vốn rất tự tin về làn da đen sạm của mình, nên rất hiếm khi mặc váy hay quần áo cộc tay. Thế nhưng nhờ kiên trì sử dụng bắp cải làm trắng da 2 tháng mà da đã trắng hẳn lên có thể tự tin diện những bộ đồ mình thích.','<p><em>Trước đ&acirc;y t&ocirc;i vốn rất tự tin về l&agrave;n da đen sạm của m&igrave;nh, n&ecirc;n rất hiếm khi mặc v&aacute;y hay quần &aacute;o cộc tay. Thế nhưng nhờ ki&ecirc;n tr&igrave; sử dụng bắp cải l&agrave;m trắng da 2 th&aacute;ng m&agrave; da đ&atilde; trắng hẳn l&ecirc;n c&oacute; thể tự tin diện những bộ đồ m&igrave;nh th&iacute;ch.</em></p>\r\n\r\n<p>Trước ti&ecirc;n th&igrave; cũng phải chia sẻ một ch&uacute;t để mọi người sao t&ocirc;i c&oacute; thể tiếp cận với<a href=\"http://lamtrangda.vn/lam-trang-da-toan-than/\">&nbsp;<strong>c&aacute;ch l&agrave;m trắng da từ thi&ecirc;n nhi&ecirc;n</strong></a>&nbsp;độc đ&aacute;o n&agrave;y. Vốn l&agrave; một bi&ecirc;n tập vi&ecirc;n của một trang b&aacute;o, trong một lần t&igrave;m kiếm th&ocirc;ng tin về mảng sức khỏe để bi&ecirc;n dịch, t&ocirc;i đ&atilde; v&ocirc; t&igrave;nh đọc được một b&agrave;i b&aacute;o viết về c&aacute;ch d&ugrave;ng bắp cải thải độc da, l&agrave;m trắng da của người Nhật. Vốn cũng kh&aacute; tự ti với l&agrave;n da của m&igrave;nh nhưng da vốn nhạy cảm n&ecirc;n t&ocirc;i kh&ocirc;ng d&aacute;m sử dụng bất cứ loại mỹ phẩm n&agrave;o cả. Thấy c&aacute;ch l&agrave;m hay, kh&aacute; đơn giản v&agrave; kh&ocirc;ng tốn qu&aacute; nhiều thời gian n&ecirc;n t&ocirc;i quyết định thử.</p>\r\n\r\n<p><a href=\"http://lamtrangda.vn/wp-content/uploads/2018/09/lam-trang-da-bang-bap-cai-1.jpg\"><img alt=\"làm trắng da bằng bắp cải\" src=\"http://lamtrangda.vn/wp-content/uploads/2018/09/lam-trang-da-bang-bap-cai-1.jpg\" style=\"height:341px; width:606px\" /></a></p>\r\n\r\n<p><em>C&ocirc;ng thức l&agrave;m trắng da to&agrave;n th&acirc;n tự nhi&ecirc;n chỉ trong 2 th&aacute;ng</em></p>\r\n\r\n<p>Nguy&ecirc;n liệu:</p>\r\n\r\n<p>&ndash; 1 c&acirc;y bắp cải sạch</p>\r\n\r\n<p>&ndash; Cối v&agrave; ch&agrave;y</p>\r\n\r\n<p>&ndash; Khăn x&ocirc;</p>\r\n\r\n<p><a href=\"http://lamtrangda.vn/wp-content/uploads/2018/09/lam-trang-da-bang-bap-cai-2.jpg\"><img alt=\"làm trắng da bằng nguyên liệu tự nhiên gần gũi nên chị em rất dễ áp dụng\" src=\"http://lamtrangda.vn/wp-content/uploads/2018/09/lam-trang-da-bang-bap-cai-2.jpg\" style=\"height:305px; width:500px\" /></a></p>\r\n\r\n<p><em>L&agrave;m trắng da bằng nguy&ecirc;n liệu tự nhi&ecirc;n gần gũi n&ecirc;n chị em rất dễ &aacute;p dụng</em></p>\r\n\r\n<p>C&aacute;ch l&agrave;m:</p>\r\n\r\n<p>Bước 1: Cắt bỏ l&aacute; gi&agrave;, t&aacute;ch lớp rồi rửa thật sạch dưới v&ograve;i nước.</p>\r\n\r\n<p>Bước 2: D&ugrave;ng cối v&agrave; ch&agrave;y gi&atilde; n&aacute;t l&aacute; bắp cải</p>\r\n\r\n<p>Bước 3: Đắp bắp cải đ&atilde; gi&atilde; n&aacute;t l&ecirc;n v&ugrave;ng cần l&agrave;m trắng, c&oacute; thể cho v&agrave;o khăn x&ocirc; rồi m&aacute;t xa to&agrave;n th&acirc;n cho dịch l&aacute; bắp cải thấm đều khắp to&agrave;n th&acirc;n.</p>\r\n\r\n<p>Bước 4: Cứ m&aacute;t xa như vậy khoảng 20 &ndash; 25 ph&uacute;t</p>\r\n\r\n<p>Chỉ sau hơn 1 th&aacute;ng thực hiện đắp l&aacute; bắp cải 3-4 lần 1 tuần m&agrave; nhiều v&ugrave;ng da vốn dĩ rất th&acirc;m sạm đ&atilde; mờ đi rất nhiều, da to&agrave;n th&acirc;n s&aacute;ng l&ecirc;n hẳn.</p>\r\n\r\n<p>Chia sẻ c&ugrave;ng mọi người t&ocirc;i &aacute;p dụng l&agrave;m trắng da với l&aacute; bắp cải l&ecirc;n to&agrave;n th&acirc;n. Ri&ecirc;ng da mặt c&ocirc; chỉ đắp 10 ph&uacute;t v&agrave; cũng thấy c&ocirc;ng hiệu tuyệt vời, da trắng bật tone, s&aacute;ng đẹp, mịn m&agrave;ng.</p>\r\n\r\n<p><a href=\"http://lamtrangda.vn/wp-content/uploads/2018/09/lam-trang-da-bang-bap-cai-3.jpg\"><img alt=\"tắm trắng toàn thân bằng bắp cảitắm trắng toàn thân bằng bắp cải\" src=\"http://lamtrangda.vn/wp-content/uploads/2018/09/lam-trang-da-bang-bap-cai-3.jpg\" style=\"height:375px; width:600px\" /></a></p>\r\n\r\n<p><em>Tắm trắng to&agrave;n th&acirc;n bằng bắp cải</em></p>\r\n\r\n<p>Với những chia sẻ của m&igrave;nh tr&ecirc;n đ&acirc;y th&igrave; mọi người c&oacute; thể thấy việc&nbsp;<a href=\"http://lamtrangda.vn/\"><strong>l&agrave;m trắng da tại nh&agrave;</strong></a>&nbsp;với bắp cải thật đơn giản phải kh&ocirc;ng n&agrave;o.Việc quan trọng l&agrave; cần t&igrave;m mua bắp cải tại những nơi uy t&iacute;n tr&aacute;nh mua những nơi kh&ocirc;ng đảm bảo, chứa nhiều thuốc trừ s&acirc;u đắp l&ecirc;n sẽ kh&ocirc;ng c&oacute; t&aacute;c dụng m&agrave; c&ograve;n g&acirc;y dị ứng.</p>\r\n\r\n<p>Ngo&agrave;i mặt nạ bắp cải m&igrave;nh c&ograve;n &aacute;p dụng c&aacute;ch l&agrave;m trắng da bằng sữa chua, dưa leo, bột sắn d&acirc;y hay tinh bột nghệ. C&aacute;c bạn h&atilde;y thử v&agrave; &aacute;p dụng ngay c&aacute;ch l&agrave;m trắng da v&ocirc; c&ugrave;ng hiệu quả n&agrave;y nh&eacute;. Ch&uacute;c c&aacute;c bạn th&agrave;nh c&ocirc;ng!</p>\r\n',NULL,NULL,'admin',NULL,0,0,1,3),(36,'Làm Trắng Da Hiệu Quả Từ Những Nguyên Liệu Có Sẵn Trong Nhà Bếp','lam-trang-da-hieu-qua-voi-muop-dang-1.jpg','Thay vì phải tốn kém mua những loại kem dưỡng trắng da, chị em hãy tận dụng những thực phẩm sẵn có trong nhà bếp vừa giúp làm trắng da hiệu quả lại an toàn.','<p><em>Thay v&igrave; phải tốn k&eacute;m mua những loại kem dưỡng trắng da, chị em h&atilde;y tận dụng những thực phẩm sẵn c&oacute; trong nh&agrave; bếp vừa gi&uacute;p&nbsp;<strong><a href=\"http://lamtrangda.vn/\">l&agrave;m trắng da hiệu quả</a></strong>&nbsp;lại an to&agrave;n.</em></p>\r\n\r\n<p>Nội dung ch&iacute;nh&nbsp;[<a href=\"http://lamtrangda.vn/lam-trang-da-hieu-qua-tu-nhung-nguyen-lieu-co-san-trong-nha-bep/#\">Ẩn</a>]</p>\r\n\r\n<ul>\r\n	<li><a href=\"http://lamtrangda.vn/lam-trang-da-hieu-qua-tu-nhung-nguyen-lieu-co-san-trong-nha-bep/#lm-trng-da-hiu-qu-vi-chanh-v-mt-ong\">L&agrave;m trắng da hiệu quả với chanh v&agrave; mật ong</a></li>\r\n	<li><a href=\"http://lamtrangda.vn/lam-trang-da-hieu-qua-tu-nhung-nguyen-lieu-co-san-trong-nha-bep/#lm-trng-da-hiu-qu-vi-mp-ng\">L&agrave;m trắng da hiệu quả với mướp đắng</a></li>\r\n	<li><a href=\"http://lamtrangda.vn/lam-trang-da-hieu-qua-tu-nhung-nguyen-lieu-co-san-trong-nha-bep/#lm-trng-da-hiu-qu-vi-sa-chua-khng-ng\">L&agrave;m trắng da hiệu quả với sữa chua kh&ocirc;ng đường</a></li>\r\n	<li><a href=\"http://lamtrangda.vn/lam-trang-da-hieu-qua-tu-nhung-nguyen-lieu-co-san-trong-nha-bep/#gim-v-mui\">Giấm v&agrave; muối</a></li>\r\n	<li><a href=\"http://lamtrangda.vn/lam-trang-da-hieu-qua-tu-nhung-nguyen-lieu-co-san-trong-nha-bep/#lm-trng-da-hiu-qu-vi-bt-m\">L&agrave;m trắng da hiệu quả với bột mỳ</a></li>\r\n</ul>\r\n\r\n<h3><strong>L&agrave;m trắng da hiệu quả với chanh v&agrave; mật ong</strong></h3>\r\n\r\n<p>Chanh v&agrave; mật ong đều c&oacute; th&agrave;nh phần k&iacute;ch th&iacute;ch l&agrave;m trắng c&aacute;c sắc tố da, l&agrave;m da mềm mại v&agrave; mịn m&agrave;ng, l&agrave;m chậm qu&aacute; tr&igrave;nh l&atilde;o h&oacute;a da. Lấy nửa quả chanh tươi vắt lấy nước cốt, trộn với 2 th&igrave;a mật ong, sau đ&oacute; b&ocirc;i hỗn hợp l&ecirc;n mặt trong khoảng 10 ph&uacute;t rồi rửa mặt bằng nước sạch.</p>\r\n\r\n<p><a href=\"http://lamtrangda.vn/wp-content/uploads/2018/10/lam-trang-da-voi-chanh-va-mat-ong.jpg\"><img alt=\"làm trắng da hiệu quả với chanh và mật ong\" src=\"http://lamtrangda.vn/wp-content/uploads/2018/10/lam-trang-da-voi-chanh-va-mat-ong.jpg\" style=\"height:332px; width:500px\" /></a></p>\r\n\r\n<p><em>Chanh v&agrave; mật ong</em><em>&nbsp;được coi như một loại kem dưỡng da v&agrave; l&agrave;m&nbsp;</em><em>trắng da hiệu quả</em></p>\r\n\r\n<h3><strong>L&agrave;m trắng da hiệu quả với mướp đắng</strong></h3>\r\n\r\n<p>C&aacute;c nghi&ecirc;n cứu cho thấy, mướp đắng c&oacute; t&aacute;c dụng hoạt huyết, m&aacute;t da, giải độc v&agrave; đặc biệt&nbsp;<strong><a href=\"http://saigonsmilespa.com.vn/tam-trang-va-lam-trang-da/tri-lieu-trang-hong-da-tac-dung-mat-1595\">l&agrave;m trắng da cấp tốc</a></strong>. Đắp mặt nạ mướp thường xuy&ecirc;n gi&uacute;p cung cấp độ ẩm cho da, gi&uacute;p da lu&ocirc;n mịn m&agrave;ng v&agrave; trắng s&aacute;ng. Lấy quả mướp th&aacute;i nhỏ v&agrave; xay nhuyễn rồi đắp hỗn hợp n&agrave;y l&ecirc;n mặt khoảng 15-20 ph&uacute;t rồi rửa sạch bằng nước. Thực hiện 2-3 lần một tuần li&ecirc;n tục trong v&ograve;ng 1 th&aacute;ng sẽ thấy ngay hiệu quả.</p>\r\n\r\n<p><a href=\"http://lamtrangda.vn/wp-content/uploads/2018/10/lam-trang-da-hieu-qua-voi-muop-dang-1.jpg\"><img alt=\"làm trắng da hiệu quả với mướp đắng\" src=\"http://lamtrangda.vn/wp-content/uploads/2018/10/lam-trang-da-hieu-qua-voi-muop-dang-1.jpg\" style=\"height:333px; width:500px\" /></a></p>\r\n\r\n<p><em>Mướp đắng vừa trị mụn vừa l&agrave;m trắng da rất tốt</em></p>\r\n\r\n<h3><strong>L&agrave;m trắng da hiệu quả với s</strong><strong>ữa chua kh&ocirc;ng đường</strong></h3>\r\n\r\n<p>Sữa chua l&agrave; mặt nạ gi&uacute;p trắng da an to&agrave;n cho mọi loại da. Bạn c&oacute; thể kết hợp với d&acirc;u t&acirc;y hoặc mật ong &nbsp;rồi b&ocirc;i hỗn hợp n&agrave;y l&ecirc;n da, massage nhẹ nh&agrave;ng trong 15 ph&uacute;t v&agrave; rửa sạch với nước. Hai l&agrave; bạn kết hợp sữa chua với c&aacute;c loại bột như bột yến mạch, bột tr&agrave; xanh, bột nghệ để đắp mặt.</p>\r\n\r\n<p><a href=\"http://lamtrangda.vn/wp-content/uploads/2018/10/lam-trang-da-hieu-qua-voi-sua-chua.jpg\"><img alt=\"Axit lactic trong sữa chua làm trắng da rất hiệu quả\" src=\"http://lamtrangda.vn/wp-content/uploads/2018/10/lam-trang-da-hieu-qua-voi-sua-chua.jpg\" style=\"height:375px; width:500px\" /></a></p>\r\n\r\n<p><em>Axit lactic trong sữa chua l&agrave;m trắng da rất hiệu quả</em></p>\r\n\r\n<h3><strong>Giấm v&agrave; muối</strong></h3>\r\n\r\n<p>Đ&acirc;y l&agrave; một loại mặt nạ&nbsp;<strong>l&agrave;m&nbsp;</strong><strong>trắng da&nbsp;</strong><strong>nhanh</strong>&nbsp;ho&agrave;n hảo, hiệu quả cho bạn l&agrave;n da trắng s&aacute;ng v&agrave; đặc biệt c&ograve;n gi&uacute;p giảm dần mụn đầu đen, mụn c&aacute;m nếu thực hiện thường xuy&ecirc;n. H&atilde;y h&ograve;a tan giấm v&agrave; muối v&agrave;o nước theo tỷ lệ: 9 giấm, 1 muối, 3 nước, d&ugrave;ng khăn mềm nh&uacute;ng v&agrave;o dung dịch n&agrave;y v&agrave; lau khắp mặt ng&agrave;y 2 lần s&aacute;ng v&agrave; tối.</p>\r\n\r\n<p><a href=\"http://lamtrangda.vn/wp-content/uploads/2018/10/lam-trang-da-hieu-qua-voi-dam-va-muoi-1.jpg\"><img alt=\"giấm và muối được coi là những chất tẩy trắng tự nhiên\" src=\"http://lamtrangda.vn/wp-content/uploads/2018/10/lam-trang-da-hieu-qua-voi-dam-va-muoi-1.jpg\" style=\"height:350px; width:500px\" /></a></p>\r\n\r\n<p><em>Giấm v&agrave; muối được coi l&agrave; những chất tẩy trắng tự nhi&ecirc;n</em></p>\r\n\r\n<h3><strong>L&agrave;m trắng da hiệu quả với bột mỳ</strong></h3>\r\n\r\n<p>Bột mỳ chứa nhiều kho&aacute;ng chất v&agrave; vitamin gi&uacute;p da mịn m&agrave;ng v&agrave; trắng s&aacute;ng, đồng thời l&agrave;m mờ vết th&acirc;m n&aacute;m, gi&uacute;p phục hồi da hư tổn.</p>\r\n\r\n<p><a href=\"http://lamtrangda.vn/wp-content/uploads/2018/10/lam-trang-da-hieu-qua-voi-bot-my.jpg\"><img alt=\"Làm trắng da hiệu quả với bột mỳ\" src=\"http://lamtrangda.vn/wp-content/uploads/2018/10/lam-trang-da-hieu-qua-voi-bot-my.jpg\" style=\"height:333px; width:500px\" /></a></p>\r\n\r\n<p><em>Vitamin nh&oacute;m B c&oacute; trong bột mỳ sẽ nu&ocirc;i dưỡng, t&aacute;i tạo tế b&agrave;o da ph&aacute;t triển khỏe mạnh</em></p>\r\n\r\n<p>Ngo&agrave;i ra, bột m&igrave; cũng rất hữu hiệu cho l&agrave;n da dầu v&igrave; n&oacute; c&oacute; t&aacute;c dụng điều tiết dầu, bảo vệ da khỏi t&igrave;nh trạng vi&ecirc;m nhiễm do mụn. Lấy 3 th&igrave;a bột mỳ trộn đều với 3 th&igrave;a mật ong v&agrave; 1/2 hộp sữa chua kh&ocirc;ng đường, đắp hỗn hợp n&agrave;y l&ecirc;n mặt khoảng 20 ph&uacute;t rồi rửa sạch bằng nước ấm.</p>\r\n\r\n<p><strong><a href=\"http://lamtrangda.vn/lam-trang-da-mat/\">L&agrave;m trắng da tự nhi&ecirc;n</a></strong>&nbsp;từ c&aacute;c loại thực phẩm quen thuộc nh&agrave; bếp như chanh, mật ong, giấm, muối hay bột mỳ, sữa chua,&hellip; l&agrave; lựa chọn của nhiều chị em hiện nay. Bạn h&atilde;y thử ngay nh&eacute;, chắc chắn sẽ rất h&agrave;i l&ograve;ng đ&oacute;.</p>\r\n',NULL,NULL,'admin',NULL,1,1,5,1),(37,'Công Thức Tự Làm Mặt Nạ Giấy Trắng Da An Toàn','lotion-mask-tu-che-lam-trang-da.jpg','Mặt nạ giấy đang ngày càng trở nên phổ biến trong công cuộc làm đẹp của phụ nữ Việt Nam. Một “tượng đài trắng” của Châu Á – Phạm Băng Băng cho biết 1 năm cô dùng tới 600 chiếc mặt nạ giấy. Còn bạn? Bạn đã biết về những chiếc mặt nạ giấy trắng da tự chế với tác dụng tuyệt vời này chưa?','<p>Mặt nạ giấy đang ng&agrave;y c&agrave;ng trở n&ecirc;n phổ biến trong c&ocirc;ng cuộc l&agrave;m đẹp của phụ nữ Việt Nam. Một &ldquo;tượng đ&agrave;i trắng&rdquo; của Ch&acirc;u &Aacute; &ndash; Phạm Băng Băng cho biết 1 năm c&ocirc; d&ugrave;ng tới 600 chiếc mặt nạ giấy. C&ograve;n bạn? Bạn đ&atilde; biết về những chiếc mặt nạ giấy trắng da tự chế với t&aacute;c dụng tuyệt vời n&agrave;y chưa?</p>\r\n\r\n<p>&nbsp;</p>\r\n\r\n<h2>Mặt nạ giấy trắng da từ dung dịch dưỡng ẩm (Lotion Mask):</h2>\r\n\r\n<p>Bắt nguồn từ chuy&ecirc;n da l&agrave;m đẹp nổi tiếng Nhật Bản, b&agrave; Chizu Saeki, lotion mask đ&atilde; từng l&agrave;m mưa l&agrave;m gi&oacute; bởi c&oacute; thể d&ugrave;ng h&agrave;ng ng&agrave;y cấp ẩm, dưỡng trắng da với t&aacute;c dụng tốt hơn nhiều lần so với c&aacute;ch d&ugrave;ng lotion truyền thống. C&aacute;ch thực hiện lại v&ocirc; c&ugrave;ng đơn giản như sau:</p>\r\n\r\n<p><a href=\"http://lamtrangda.vn/wp-content/uploads/2017/12/lotion-mask-tu-che-lam-trang-da.jpg\"><img alt=\"Mặt nạ giấy làm trắng da từ lotion mask sẽ rất hiệu quả\" src=\"http://lamtrangda.vn/wp-content/uploads/2017/12/lotion-mask-tu-che-lam-trang-da.jpg\" style=\"height:334px; width:500px\" /></a></p>\r\n\r\n<p>Mặt nạ giấy từ Lotion Mask đ&atilde; trở th&agrave;nh 1 hiện tượng v&igrave; khả năng dưỡng ẩm gấp 7 lần.</p>\r\n\r\n<ul>\r\n	<li>L&agrave;m ướt mặt nạ giấy (loại kh&ocirc;), rồi nh&uacute;ng v&agrave;o 1 lượng nhỏ lotion (dung dịch dưỡng ẩm).</li>\r\n	<li>Đảo đều để cho mặt nạ thấm hết được lotion.</li>\r\n	<li>L&agrave;m ướt mặt bằng nước sạch với cotton ball.</li>\r\n	<li>Chấm 1 &iacute;t dung dịch dưỡng ẩm l&ecirc;n mặt.</li>\r\n	<li>Đắp lotion mask l&ecirc;n mặt trong khoảng 3 &ndash; 5 ph&uacute;t.</li>\r\n	<li>Mỗi ng&agrave;y thực hiện chăm s&oacute;c da với lotion mask 1 lần.</li>\r\n</ul>\r\n\r\n<h2>Mặt nạ giấy trắng da từ serum / toner:</h2>\r\n\r\n<p>Mặt nạ giấy n&agrave;y tuy đơn giản bất ngờ nhưng lại gi&uacute;p da bạn thẩm thấu serum v&agrave; toner tốt hơn so với việc d&ugrave;ng bằng tay thường. C&aacute;c bước thực hiện bao gồm:</p>\r\n\r\n<p><a href=\"http://lamtrangda.vn/wp-content/uploads/2017/12/mat-na-giay-trang-da-tu-nuoc-toner.jpg\"><img alt=\"Làm mặt nạ giấy trắng da từ nước toner yêu thích.\" src=\"http://lamtrangda.vn/wp-content/uploads/2017/12/mat-na-giay-trang-da-tu-nuoc-toner.jpg\" style=\"height:334px; width:500px\" /></a></p>\r\n\r\n<p>Bạn cũng c&oacute; thể l&agrave;m mặt nạ giấy dưỡng da từ d&ograve;ng toner dưỡng trắng y&ecirc;u th&iacute;ch.</p>\r\n\r\n<ul>\r\n	<li>Chọn d&ograve;ng toner hoặc serum&nbsp;<a href=\"http://lamtrangda.vn/\">l&agrave;m trắng da</a>&nbsp;y&ecirc;u th&iacute;ch của bạn.</li>\r\n	<li>Đổ 1 lượng vừa đủ toner hoặc serum v&agrave;o 1 chiếc lọ thủy tinh sạch. (Bạn c&oacute; thể t&aacute;i sử dụng c&aacute;c lọ kem dưỡng da hoặc lọ lotion đ&atilde; hết để lu&ocirc;n bảo quản tốt).</li>\r\n	<li>Nh&uacute;ng mặt nạ giấy kh&ocirc; đ&atilde; được l&agrave;m ẩm v&agrave;o trong dung dịch toner hoặc serum đ&oacute;. (Bạn c&oacute; thể sử dụng mặt nạ n&eacute;n).</li>\r\n	<li>Bảo quản trong ngăn m&aacute;t tủ lạnh v&agrave; lấy ra d&ugrave;ng mỗi ng&agrave;y một lần.</li>\r\n	<li>Lưu &yacute; rằng, mỗi lần l&agrave;m bạn chỉ n&ecirc;n để tối da 7 mặt nạ để d&ugrave;ng cho 7 ng&agrave;y trong tuần, rồi l&agrave;m mới v&agrave;o tuần sau.</li>\r\n</ul>\r\n\r\n<h2>Mặt nạ giấy trắng da từ nước gạo:</h2>\r\n\r\n<p>Với những chất dinh dưỡng v&ocirc; c&ugrave;ng tốt trong mỗi hạt gạo, mặt nạ giấy handmade từ nước gạo sẽ gi&uacute;p da bạn trắng s&aacute;ng bất ngờ. C&aacute;ch thực hiện v&agrave; bảo quản tương tự như với mặt nạ toner. Tuy nhi&ecirc;n trước đ&oacute;, bạn lọc nước vo gạo lấy l&agrave;m nước toner như sau:</p>\r\n\r\n<p><a href=\"http://lamtrangda.vn/wp-content/uploads/2017/12/mat-na-giay-trang-da-tu-nuoc-vo-gao.jpg\"><img alt=\"Cảm nhận da trắng sáng với nước vo gạo.\" src=\"http://lamtrangda.vn/wp-content/uploads/2017/12/mat-na-giay-trang-da-tu-nuoc-vo-gao.jpg\" style=\"height:334px; width:500px\" /></a></p>\r\n\r\n<p>Mặt nạ giấy thi&ecirc;n nhi&ecirc;n từ nước vo gạo vẫn c&oacute; thể l&agrave;m da trắng hơn.</p>\r\n\r\n<ul>\r\n	<li>Nước vo gạo bỏ nước đầu, lấy nước thứ 2.</li>\r\n	<li>Bảo quản nước vo gạo trong 1 lọ thủy tinh sạch.</li>\r\n	<li>Cho mặt nạ n&eacute;n v&agrave;o nước vo gạo v&agrave; bảo quản trong ngăn m&aacute;t.</li>\r\n	<li>Mỗi ng&agrave;y lấy 1 mặt nạ ra để đắp l&ecirc;n mặt trong 5 ph&uacute;t.</li>\r\n</ul>\r\n\r\n<p>Với mặt nạ giấy n&agrave;y, bạn kh&ocirc;ng chỉ l&agrave;m trắng da, m&agrave; c&ograve;n gi&uacute;p da loại bỏ dần những vết th&acirc;m n&aacute;m, t&agrave;n nhang đ&aacute;ng gh&eacute;t.</p>\r\n\r\n<p>Tương tự với những c&aacute;ch l&agrave;m mặt nạ giấy từ nước vo gạo, bạn c&oacute; thể tự l&agrave;m mặt nạ giấy toner thi&ecirc;n nhi&ecirc;n với chanh, nước cốt dưa chuột pha với tr&agrave; xanh, sữa tươi v&agrave; dầu nghệ&hellip; Da bạn sẽ được chăm s&oacute;c&nbsp;<a href=\"http://saigonsmilespa.com.vn/dich-vu/tam-trang-va-lam-trang-da/\">l&agrave;m trắng s&aacute;ng</a>&nbsp;một c&aacute;ch khỏe mạnh v&agrave; an to&agrave;n.</p>\r\n\r\n<p>Chỉ cần bạn lu&ocirc;n nắm vững c&aacute;c nguy&ecirc;n tắc l&agrave;m trắng da với thi&ecirc;n nhi&ecirc;n, bạn ho&agrave;n to&agrave;n c&oacute; thể tự s&aacute;ng tạo một chiếc mặt nạ giấy vừa ngon mắt, vừa tiện lợi, lại c&oacute; t&aacute;c dụng như đến&nbsp;<a href=\"http://saigonsmilespa.com.vn/\">Spa cao cấp</a>. Bạn sẽ nhanh ch&oacute;ng y&ecirc;u th&iacute;ch phương ph&aacute;p l&agrave;m đẹp với mặt nạ giấy n&agrave;y.</p>\r\n',NULL,NULL,'admin',NULL,0,0,10,1),(38,'Bật Mí Bí Kíp Làm Sao Để Da Trắng Như Hot Girl','cham-chi-dap-mat-na-lam-trang-da.jpg','Hot girl thường được biết đến như mục tiêu nhan sắc của rất nhiều người. Làm sao để da trắng như hot girl ? Làm sao để thân hình luôn thon gọn như các hot girl? Câu trả lời là: sự chịu khó và đầu tư. Trên thực tế, không có vẻ đẹp toàn diện nào lại có thể dễ dàng đạt được. Hãy cùng xem cách để da trắng như hot girl!','<p>Hot girl thường được biết đến như mục ti&ecirc;u nhan sắc của rất nhiều người. L&agrave;m sao để da trắng như hot girl ? L&agrave;m sao để th&acirc;n h&igrave;nh lu&ocirc;n thon gọn như c&aacute;c hot girl? C&acirc;u trả lời l&agrave;: sự chịu kh&oacute; v&agrave; đầu tư. Tr&ecirc;n thực tế, kh&ocirc;ng c&oacute; vẻ đẹp to&agrave;n diện n&agrave;o lại c&oacute; thể dễ d&agrave;ng đạt được. H&atilde;y c&ugrave;ng xem c&aacute;ch để da trắng như hot girl!</p>\r\n\r\n<p>&nbsp;</p>\r\n\r\n<h2>Chăm s&oacute;c h&agrave;ng ng&agrave;y để da trắng như hot girl</h2>\r\n\r\n<p><strong>1. Rửa mặt 2 lần mỗi ng&agrave;y:</strong>&nbsp;Bạn cũng thế đ&uacute;ng kh&ocirc;ng? Điều kh&aacute;c biệt ở đ&acirc;y, bạn cần ch&uacute; trọng hơn nữa v&agrave;o qu&aacute; tr&igrave;nh rửa mặt. Thay v&igrave; chỉ d&agrave;nh ra 1 đến 2 ph&uacute;t cho mỗi lần rửa mặt, bạn h&atilde;y d&agrave;nh ra &iacute;t nhất 5 ph&uacute;t để vừa rửa mặt vừa m&aacute;t xa da. Thời gian như vậy mới đủ để sửa rửa mặt lấy đi c&aacute;c chất bẩn cặn b&atilde; s&acirc;u dưới da, v&agrave; cấp ẩm cho da bạn. Lưu &yacute; rằng một ng&agrave;y cũng kh&ocirc;ng n&ecirc;n rửa mặt qu&aacute; nhiều bởi da sẽ bị kh&ocirc; v&agrave; c&agrave;ng dễ b&aacute;m bụi bẩn hơn.</p>\r\n\r\n<p><a href=\"http://lamtrangda.vn/wp-content/uploads/2017/12/rua-mat-moi-ngay-2-lan.jpg\"><img alt=\"Làm da trắng như hot girl với việc rửa mặt đúng cách.\" src=\"http://lamtrangda.vn/wp-content/uploads/2017/12/rua-mat-moi-ngay-2-lan.jpg\" style=\"height:334px; width:500px\" /></a></p>\r\n\r\n<p>Rửa mặt đ&uacute;ng c&aacute;ch tuy đơn giản nhưng l&agrave; bước kh&ocirc;ng thể thiếu để da trắng như hot girl.</p>\r\n\r\n<p><strong>2. D&ugrave;ng toner 2 lần mỗi ng&agrave;y, ngay sau khi rửa mặt:</strong>&nbsp;Bạn n&ecirc;n chọn c&aacute;c loại nước hoa hồng dịu nhẹ để c&acirc;n bằng độ PH, thay v&igrave; tin v&agrave;o những lời quảng c&aacute;o của c&aacute;c h&atilde;ng toner gi&uacute;p se kh&iacute;t lỗ ch&acirc;n l&ocirc;ng. Bước n&agrave;y gi&uacute;p da khỏe mạnh v&agrave; cấp ẩm tốt hơn. V&agrave;o m&ugrave;a đ&ocirc;ng, bạn c&oacute; thể vỗ nhiều toner l&ecirc;n da mặt hơn để gi&uacute;p da lu&ocirc;n giữ được độ ẩm.</p>\r\n\r\n<p><strong>3. D&ugrave;ng loại kem ph&ugrave; hợp với t&igrave;nh trạng da bạn</strong>. Tốt nhất l&agrave; bạn n&ecirc;n lựa chọn c&aacute;c&nbsp;<a href=\"http://saigonsmilespa.com.vn/\">Spa uy t&iacute;n</a>&nbsp;để soi da v&agrave; lắng nghe c&aacute;c tư vấn về loại da của m&igrave;nh. Từ đ&oacute; bạn c&oacute; thể lựa chọn loại kem c&oacute; chứa c&aacute;c chất gi&uacute;p da bạn trắng hơn. Lưu &yacute; trong qu&aacute; tr&igrave;nh b&ocirc;i kem, bạn n&ecirc;n vỗ để kem thẩm thấu s&acirc;u v&agrave;o da thay v&igrave; d&ugrave;ng tay để miết cho đều kem. Việc d&ugrave;ng tay miết kem sẽ dễ khiến cho da kh&ocirc;ng hấp thụ được kem v&agrave; da mặt bị b&iacute;t lỗ ch&acirc;n l&ocirc;ng.</p>\r\n\r\n<h2>Chăm s&oacute;c tốt hơn để da trắng như hot girl:</h2>\r\n\r\n<p><strong>4. Tẩy tế b&agrave;o chết v&agrave; đắp mặt nạ dưỡng trắng</strong>&nbsp;cho da mỗi tuần 3 lần: Bạn kh&ocirc;ng nhất thiết phải đắp mặt nạ h&agrave;ng ng&agrave;y (trừ mặt nạ HA). Bạn chỉ cần sử dụng c&aacute;c mặt nạ&nbsp;<a href=\"http://lamtrangda.vn/\">l&agrave;m trắng da</a>&nbsp;mỗi tuần 3 lần l&agrave; đủ. Điều quan trọng l&agrave; bạn lu&ocirc;n cần tẩy tế b&agrave;o chết cho da trước khi d&ugrave;ng mặt nạ, để da bạn c&oacute; thể hấp thụ tối ưu dưỡng chất l&agrave;m trắng c&oacute; trong mặt nạ.</p>\r\n\r\n<p><em>Đọc th&ecirc;m: C&ugrave;ng t&igrave;m hiểu về&nbsp;<a href=\"http://lamtrangda.vn/tam-trang-da-mat-bang-bia-theo-cach-nay-dam-bao-hieu-qua-mien-che/\">c&aacute;ch l&agrave;m trắng da với bia</a>.</em></p>\r\n\r\n<p><a href=\"http://lamtrangda.vn/wp-content/uploads/2017/12/cham-chi-dap-mat-na-lam-trang-da.jpg\"><img alt=\"Đắp mặt nạ chăm chỉ để da trắng như hot girl.\" src=\"http://lamtrangda.vn/wp-content/uploads/2017/12/cham-chi-dap-mat-na-lam-trang-da.jpg\" style=\"height:334px; width:500px\" /></a></p>\r\n\r\n<p>D&ugrave; đắp mặt nạ giấy hay mặt nạ gel, bạn cũng cần lựa chọn mặt nạ c&oacute; dưỡng chất gi&uacute;p s&aacute;ng da.</p>\r\n\r\n<p><strong>5. B&ocirc;i kem chống nắng v&agrave; tẩy trang h&agrave;ng ng&agrave;y</strong>: Con g&aacute;i Việt Nam thường rất lười b&ocirc;i kem chống nắng như 1 th&oacute;i quen. Họ v&ocirc; t&igrave;nh kh&ocirc;ng biết rằng, th&oacute;i quen xấu n&agrave;y sẽ l&agrave;m da bị đen sạm, nhanh bị l&atilde;o h&oacute;a, dễ d&agrave;ng thay đổi sắc tố da dẫn đến th&acirc;m n&aacute;m, t&agrave;n nhang. Muốn trắng đẹp như hot girl, bạn h&atilde;y coi việc b&ocirc;i kem chống nắng giống như 1 m&oacute;n ăn h&agrave;ng ng&agrave;y vậy. Chỉ cần bước ch&acirc;n ra ngo&agrave;i đường, bạn cần phải b&ocirc;i kem chống nắng vừa đủ, v&agrave; cuối ng&agrave;y tẩy trang với dầu oliu hoặc dầu tẩy trang chuy&ecirc;n dụng.</p>\r\n\r\n<p><strong>6. Hạn chế trang điểm v&agrave; chăm chỉ đến Spa:</strong>&nbsp;Việc d&ugrave;ng BB cream, CC cream, phấn trang điểm c&oacute; thể gi&uacute;p bạn trắng l&ecirc;n tức th&igrave;, nhưng về l&acirc;u về d&agrave;i lại khiến da bạn nhanh bị l&atilde;o h&oacute;a v&agrave; th&acirc;m đen. H&atilde;y chăm chỉ đến c&aacute;c Spa cao cấp để&nbsp;<a href=\"http://saigonsmilespa.com.vn/dich-vu/tam-trang-va-lam-trang-da/\">tắm trắng l&agrave;m trắng da</a>, bạn sẽ nhanh ch&oacute;ng đẹp như hot girl. Đ&acirc;y l&agrave; một trong những bước chăm s&oacute;c da kh&ocirc;ng thể thiếu của c&aacute;c c&ocirc; n&agrave;ng xinh đẹp, trắng mịn m&agrave;ng.</p>\r\n',NULL,NULL,'admin',NULL,0,0,6,1),(39,'Làm Sao Để Có Làn Da Trắng Mịn Như Sao Hàn, Bí Quyết Của Loạt Mỹ Nhân Đình Đám','lam-sao-de-co-lan-da-trang-min-nhu-sao-han-3.jpg','Với những cách làm trắng da của sao Hàn Quốc, bạn còn chần chừ gì mà không bắt chước ngay để có làn da đẹp trắng mịn, không tỳ vết như loạt mỹ nhân màn ảnh Hàn này nhỉ!','<p><em>Với những&nbsp;<strong><a href=\"http://lamtrangda.vn/kinh-nghiem-lam-dep/\">c&aacute;ch l&agrave;m trắng da của sao H&agrave;n Quốc</a></strong>, bạn c&ograve;n chần chừ g&igrave; m&agrave; kh&ocirc;ng bắt chước ngay để c&oacute; l&agrave;n da đẹp trắng mịn, kh&ocirc;ng tỳ vết như loạt mỹ nh&acirc;n m&agrave;n ảnh H&agrave;n n&agrave;y nhỉ!</em></p>\r\n\r\n<h3><strong>1. Kim Go Eun</strong></h3>\r\n\r\n<p>Đảm nhận vai c&ocirc; d&acirc;u y&ecirc;u tinh trong Goblin ( Y&ecirc;u tinh), Kim Go Eun l&agrave; nữ diễn vi&ecirc;n nhận được sự quan&nbsp; t&acirc;m của nhiều từ kh&aacute;n giả. C&ocirc; n&agrave;ng sở hữu những n&eacute;t đẹp kh&ocirc;ng theo ti&ecirc;u chuẩn hiện đại đang được nhiều c&ocirc; g&aacute;i hay theo đuổi như cằm v-line, mắt 2 m&iacute;&hellip;m&agrave; cuốn h&uacute;t kh&aacute;n giả bởi vẻ đẹp đậm chất tự nhi&ecirc;n. Nụ cười tỏa nắng v&agrave; l&agrave;n da mịn m&agrave;ng kh&ocirc;ng tỳ vết l&agrave; sức h&uacute;t khiến mọi người y&ecirc;u th&iacute;ch nữ diễn vi&ecirc;n trẻ t&agrave;i năng n&agrave;y.</p>\r\n\r\n<p><a href=\"http://lamtrangda.vn/wp-content/uploads/2017/11/lam-sao-de-co-lan-da-trang-min-nhu-sao-han-1.jpg\"><img alt=\"làm sao để có làn da trắng mịn như sao hàn\" src=\"http://lamtrangda.vn/wp-content/uploads/2017/11/lam-sao-de-co-lan-da-trang-min-nhu-sao-han-1.jpg\" style=\"height:400px; width:600px\" /></a></p>\r\n\r\n<p><em>L&agrave;m sao để c&oacute; l&agrave;n da trắng mịn như sao H&agrave;n thật sự kh&ocirc;ng qu&aacute; kh&oacute;</em></p>\r\n\r\n<p>B&iacute; quyết&nbsp;<strong><a href=\"http://lamtrangda.vn/\">l&agrave;m trắng da</a>&nbsp;</strong>của nữ diễn vi&ecirc;n 25 tuổi thực chất rất đơn giản. Mỗi ng&agrave;y, uống 2 l&iacute;t tr&agrave; l&uacute;a mạch c&ugrave;ng với việc thường xuy&ecirc;n xịt kho&aacute;ng để l&agrave;n da lu&ocirc;n được cung cấp độ ẩm kịp thời. B&ecirc;n cạnh đ&oacute;, việc sử dụng kem dưỡng ẩm cho da trước khi đi ngủ cũng l&agrave; rất cần thiết.</p>\r\n\r\n<h3>&nbsp;<strong>2. &nbsp;Jun Ji Hyun</strong></h3>\r\n\r\n<p>Ở tuổi 36, Jun Ji Hyun sở hữu nhan sắc v&ocirc; c&ugrave;ng trẻ trung v&agrave; phong c&aacute;ch. Chẳng thế m&agrave; d&ugrave; thường xuy&ecirc;n diễn chung với đ&agrave;n em k&eacute;m tuổi nhưng độ &ldquo;teen&rdquo; của c&ocirc; n&agrave;ng chẳng hề k&eacute;m cạnh.</p>\r\n\r\n<p>Người đẹp chia sẻ rằng để c&oacute; da đẹp th&igrave; việc&nbsp;<strong><em>chăm s&oacute;c da</em></strong>, đảm bảo l&agrave;n da lu&ocirc;n sạch l&agrave; quan trọng nhất. Quy tr&igrave;nh rửa mặt của c&ocirc; bắt đầu với nước ấm, kết th&uacute;c bằng nước lạnh v&agrave; kết hợp việc massage bằng c&aacute;c ng&oacute;n tay trong khi rửa mặt.</p>\r\n\r\n<p>&nbsp;<a href=\"http://lamtrangda.vn/wp-content/uploads/2017/11/lam-sao-de-co-lan-da-trang-min-nhu-sao-han-2.jpg\"><img alt=\"Jun Ji Hyun \" src=\"http://lamtrangda.vn/wp-content/uploads/2017/11/lam-sao-de-co-lan-da-trang-min-nhu-sao-han-2.jpg\" style=\"height:400px; width:600px\" /></a></p>\r\n\r\n<p><em>Jun Ji Hyun kh&oacute; c&oacute; thể tin c&ocirc; đ&atilde; 36 tuổi</em></p>\r\n\r\n<p>&nbsp;Tương tự như 2 nữ diễn vi&ecirc;n ở tr&ecirc;n, Jun Ji Hyun cũng rất ch&uacute; trọng đến việc bổ sung đủ nước cho cơ thể: &ldquo;Thức dậy đều t&ocirc;i l&agrave;m l&agrave; uống 1 cốc nước ấm v&agrave; đặc biệt v&agrave;o bữa s&aacute;ng lu&ocirc;n uống nước tr&aacute;i c&acirc;y. Bữa trưa v&agrave; tối, t&ocirc;i ăn nhiều rau xanh, thực phẩm chứa nhiều protein v&agrave; tr&aacute;ng miệng bằng tr&aacute;i c&acirc;y&rdquo;. Cung cấp lượng nước đủ kh&ocirc;ng chỉ gi&uacute;p cơ thể khỏe mạnh m&agrave; c&ograve;n l&agrave; yếu tố ch&iacute;nh gi&uacute;p&nbsp;<strong>l&agrave;n da lu&ocirc;n mịn m&agrave;ng tươi trẻ</strong>.</p>\r\n\r\n<h3><strong>3. Hwang Jung Eum</strong></h3>\r\n\r\n<p>Hwang Jung Eum nổi bật với nhiều vai diễn c&aacute; t&iacute;nh, c&ocirc; n&agrave;ng cũng từng đứng thứ 5 trong danh s&aacute;ch những mỹ nh&acirc;n c&oacute; l&agrave;n da ho&agrave;n hảo của đ&agrave;i truyền h&igrave;nh tvN. Khi được y&ecirc;u cầu chia sẻ lời khuy&ecirc;n&nbsp;<strong>chăm s&oacute;c da</strong>, nữ diễn vi&ecirc;n 33 tuổi chia sẻ, đối với c&ocirc; th&igrave; việc l&agrave;m sạch da l&agrave; quan trọng nhất. Mỗi ng&agrave;y, c&ocirc; n&agrave;ng đều l&agrave;m sạch l&agrave;n da thật kĩ từ bước tẩy trang, rửa mặt, tẩy da chết để loại bỏ mọi ho&agrave;n to&agrave;n mỹ phẩm v&agrave; c&aacute;c tế b&agrave;o chết.</p>\r\n\r\n<p><a href=\"http://lamtrangda.vn/wp-content/uploads/2017/11/lam-sao-de-co-lan-da-trang-min-nhu-sao-han-3.jpg\"><img alt=\"Hwang Jung Eum \" src=\"http://lamtrangda.vn/wp-content/uploads/2017/11/lam-sao-de-co-lan-da-trang-min-nhu-sao-han-3.jpg\" style=\"height:509px; width:500px\" /></a></p>\r\n\r\n<p><em>Hwang Jung Eum trẻ trung với l&agrave;n da trắng căng mịn</em></p>\r\n\r\n<p>Sau đ&oacute;, để phục hồi độ ẩm cho da, bạn n&ecirc;n sử dụng c&aacute;c sản phẩm dưỡng ẩm để nu&ocirc;i dưỡng v&agrave; bổ sung chất dinh dưỡng, gi&uacute;p&nbsp;<strong>l&agrave;n da trắng s&aacute;ng, căng mịn</strong>.</p>\r\n',NULL,NULL,'admin',NULL,0,0,6,3),(40,'Hóa Ra Cách Làm Trắng Da Toàn Thân Tự Nhiên, Không Tì Vết Ngọc Trinh Là Đây','hoa-ra-cach-lam-trang-da-toan-than-tu-nhien-cua-ngoc-trinh-la-day-3.jpg','Trắng đẹp, tự tin và thành công là quan niệm của nữ hoàng nội y Ngọc Trinh. Bạn sẽ hiểu cách làm trắng da toàn thân tự nhiên của cô qua phỏng vấn sau:','<p><em>Trắng đẹp, tự tin v&agrave; th&agrave;nh c&ocirc;ng l&agrave; quan niệm của nữ ho&agrave;ng nội y Ngọc Trinh. Bạn sẽ hiểu&nbsp;<strong><a href=\"http://lamtrangda.vn/lam-trang-da-toan-than/\">c&aacute;ch l&agrave;m trắng da to&agrave;n th&acirc;n tự nhi&ecirc;n</a></strong>&nbsp;của c&ocirc; qua phỏng vấn sau:</em></p>\r\n\r\n<h3><strong>Ch&agrave;o Trinh, bạn nghĩ g&igrave; khi c&oacute; rất nhiều tin đồn kh&ocirc;ng tốt về l&agrave;n da trắng của m&igrave;nh?</strong></h3>\r\n\r\n<p>Nhiều người thường nghĩ: l&agrave;n da trắng của Trinh l&agrave; do m&igrave;nh ti&ecirc;m thuốc, cấy gen v&agrave; lột da, tắm trắng ở c&aacute;c spa đắt tiền. Tuy nhi&ecirc;n, m&igrave;nh kh&ocirc;ng quan t&acirc;m nhiều tới tin đồn đ&oacute; v&agrave; sống đ&uacute;ng với bản chất con người của m&igrave;nh. Bạn thấy đấy, l&agrave;n da của m&igrave;nh trắng hồng l&agrave; do c&aacute;ch l&agrave;m trắng da to&agrave;n th&acirc;n tự nhi&ecirc;n của m&igrave;nh th&ocirc;i. Thực ra m&igrave;nh rất sợ c&aacute;c&nbsp;<strong><a href=\"http://lamtrangda.vn/\">c&aacute;ch l&agrave;m trắng da cấp tốc</a></strong>&nbsp;hay trắng da to&agrave;n th&acirc;n cấp tốc v&igrave; theo m&igrave;nh t&igrave;m hiểu biện ph&aacute;p đ&oacute; rất nguy hiểm, c&oacute; thể g&acirc;y ung thư.</p>\r\n\r\n<p><a href=\"http://lamtrangda.vn/wp-content/uploads/2017/09/hoa-ra-cach-lam-trang-da-toan-than-tu-nhien-cua-ngoc-trinh-la-day-3.jpg\"><img alt=\"cách làm trắng da toàn thân tại nhà của ngọc trinh\" src=\"http://lamtrangda.vn/wp-content/uploads/2017/09/hoa-ra-cach-lam-trang-da-toan-than-tu-nhien-cua-ngoc-trinh-la-day-3.jpg\" style=\"height:564px; width:500px\" /></a></p>\r\n\r\n<p><em>C&aacute;ch l&agrave;m trắng da to&agrave;n th&acirc;n&nbsp;tự nhi&ecirc;n của Ngọc Trinh khiến nhiều người t&ograve; m&ograve;</em></p>\r\n\r\n<h3><strong>Vậy đ&acirc;u l&agrave; b&iacute; quyết trong c&aacute;ch l&agrave;m trắng da to&agrave;n th&acirc;n tự nhi&ecirc;n của Trinh?</strong></h3>\r\n\r\n<p>M&igrave;nh kh&ocirc;ng c&oacute; b&iacute; quyết g&igrave; đặc biệt (cười) m&agrave; chủ yếu l&agrave; do m&igrave;nh d&agrave;nh nhiều thời gian chăm s&oacute;c da. Kh&aacute;c với nam giới, l&agrave;n da của phụ nữ thường rất nhạy cảm. Phần lớn chị, em thường c&oacute; suy nghĩ: chỉ c&oacute; nắng mặt trời mới khiến da bị hư tổn. Tuy nhi&ecirc;n, theo Trinh c&ograve;n nhiều yếu tố kh&aacute;c t&aacute;c động tới l&agrave;n da. V&iacute; dụ như: stress, kh&oacute;i bụi, thực phẩm, đồ uống kh&ocirc;ng l&agrave;nh mạnh cũng khiến cho l&agrave;n da sạm đen v&agrave; thiếu sức sống.</p>\r\n\r\n<p><a href=\"http://lamtrangda.vn/wp-content/uploads/2017/09/hoa-ra-cach-lam-trang-da-toan-than-tu-nhien-cua-ngoc-trinh-la-day-2.jpg\"><img alt=\"Ngọc Trinh đắp mặt nạ làm trắng da tại nhà\" src=\"http://lamtrangda.vn/wp-content/uploads/2017/09/hoa-ra-cach-lam-trang-da-toan-than-tu-nhien-cua-ngoc-trinh-la-day-2.jpg\" style=\"height:620px; width:500px\" /></a></p>\r\n\r\n<p><em>Ngọc Trinh đắp mặt nạ l&agrave;m trắng da tại nh&agrave;</em></p>\r\n\r\n<p>B&iacute; quyết đơn giản trong c&aacute;ch l&agrave;m trắng da của Trinh chỉ l&agrave;: tạo th&oacute;i quen tốt trong chăm s&oacute;c v&agrave; dưỡng da mỗi ng&agrave;y. H&agrave;ng ng&agrave;y, m&igrave;nh c&oacute; th&oacute;i quen sau khi dậy sẽ uống một cốc nước v&agrave; ăn đầy đủ 3 loại tr&aacute;i c&acirc;y c&oacute; m&agrave;y xanh, đỏ, v&agrave;ng. V&agrave;o cuối ng&agrave;y m&igrave;nh sẽ d&agrave;nh 30 ph&uacute;t thư gi&atilde;n cơ thể với nước ấm. Chỉ với những th&oacute;i quen nhỏ nhặt đ&oacute; đa gi&uacute;p m&igrave;nh c&oacute; một&nbsp;<strong><a href=\"http://lamtrangda.vn/lot-xac-voi-tuyet-chieu-lam-trang-da-toan-than-tu-dau-phu/\">c&aacute;ch l&agrave;m trắng da to&agrave;n th&acirc;n tại nh&agrave;</a></strong>&nbsp;cực kỳ hiệu quả. Bởi l&agrave;n da của m&igrave;nh được bổ sung đủ nước, chất dinh dưỡng n&ecirc;n tự nhi&ecirc;n sẽ hồng h&agrave;o, mịn m&agrave;ng v&agrave; tươi trẻ. Trinh xuất th&acirc;n l&agrave; c&ocirc; g&aacute;i qu&ecirc; n&ecirc;n cũng c&oacute; l&agrave;n da ngăm ngăm đen v&igrave; dầm mưa gi&atilde;i nắng nhưng giờ nhờ th&oacute;i quen nhỏ trong c&aacute;ch l&agrave;m trắng da to&agrave;n th&acirc;n n&agrave;y l&agrave;n da của m&igrave;nh đ&atilde; được cải thiện v&agrave; đẹp hơn rất nhiều.</p>\r\n\r\n<p><a href=\"http://lamtrangda.vn/wp-content/uploads/2017/09/hoa-ra-cach-lam-trang-da-toan-than-tu-nhien-cua-ngoc-trinh-la-day-1.jpg\"><img alt=\"Làn da trắng  mịn không tỳ vết giúp khuôn mặt của Ngọc Trinh nhìn luôn baby\" src=\"http://lamtrangda.vn/wp-content/uploads/2017/09/hoa-ra-cach-lam-trang-da-toan-than-tu-nhien-cua-ngoc-trinh-la-day-1.jpg\" style=\"height:583px; width:500px\" /></a></p>\r\n\r\n<p><em>L&agrave;n da trắng &nbsp;mịn kh&ocirc;ng tỳ vết gi&uacute;p khu&ocirc;n mặt của Ngọc Trinh nh&igrave;n lu&ocirc;n baby</em></p>\r\n\r\n<p>Tr&ecirc;n đ&acirc;y l&agrave; những chia sẻ về c&aacute;ch l&agrave;m trắng da của c&ocirc; n&agrave;ng Ngọc Trinh. Nếu bạn muốn c&oacute; l&agrave;n da đẹp như c&ocirc; ấy h&atilde;y bắt đầu từ th&oacute;i quen nhỏ nhất.</p>\r\n',NULL,NULL,'admin',NULL,3,3,11,3),(42,'Da Trắng Bật Tông Với Cách Làm Trắng Da Tự Nhiên Này, Bạn Gái Cần Gì Dùng Kem Trộn Độc Hại Nữa','lam-trang-da-mat-bang-nha-dam-3.png','Chỉ tốn vài nghìn đồng làn da bật tông trắng sáng, lỗ chân lông se khít bạn gái còn cần gì kem trộn độc hại nữa. Cùng khám phá ngay cách làm trắng da tự nhiên này nhé.','<p><em>Chỉ tốn v&agrave;i ngh&igrave;n đồng l&agrave;n da bật t&ocirc;ng trắng s&aacute;ng, lỗ ch&acirc;n l&ocirc;ng se kh&iacute;t bạn g&aacute;i c&ograve;n cần g&igrave; kem trộn độc hại nữa. C&ugrave;ng kh&aacute;m ph&aacute; ngay&nbsp;<a href=\"http://lamtrangda.vn/\"><strong>c&aacute;ch l&agrave;m trắng da tự nhi&ecirc;n</strong></a>&nbsp;n&agrave;y nh&eacute;.</em></p>\r\n\r\n<p>Mai Trang sở hữu l&agrave;n da nhiều dầu, kh&ocirc;ng đều m&agrave;u v&agrave; lu&ocirc;n c&oacute; mụn. Mụn tuy kh&ocirc;ng nhiều nhưng hay để lại th&acirc;m, da dầu nhưng thỉnh thoảng lại b&oacute;ng n&ecirc;n rất kh&oacute; trang điểm. M&agrave; đặc th&ugrave; c&ocirc;ng việc của c&ocirc; n&agrave;ng l&agrave; nh&acirc;n vi&ecirc;n kinh doanh thường xuy&ecirc;n phải tiếp x&uacute;c với mọi người. D&ugrave; được bạn b&egrave; giới thiệu nhiều loại kem trắng da nhưng c&oacute; vẻ c&agrave;ng d&ugrave;ng c&agrave;ng tệ hại kh&ocirc;ng được như kỳ vọng của c&ocirc; n&agrave;ng.</p>\r\n\r\n<p>Thấy vậy, c&ocirc; nghĩ c&oacute; lẽ m&igrave;nh n&ecirc;n thử c&aacute;c loại mặt nạ tự nhi&ecirc;n vừa kh&ocirc;ng tốn nhiều chi ph&iacute; lại rất hiệu quả m&agrave; an to&agrave;n. Rất nhiều người đ&atilde; &aacute;p dụng th&agrave;nh c&ocirc;ng khi ki&ecirc;n tr&igrave; thực hiện n&ecirc;n c&ocirc; quyết định l&agrave;m đẹp bằng c&aacute;c phương ph&aacute;p tự nhi&ecirc;n một c&aacute;ch nghi&ecirc;m t&uacute;c. Mai Trang vốn th&iacute;ch ăn nha đam n&ecirc;n đ&atilde; thực hiện theo gợi &yacute; l&agrave;m mặt nạ dưỡng để cải thiện l&agrave;n da. Mai Trang chọn nha đam&nbsp;<a href=\"http://lamtrangda.vn/lam-trang-da-mat/\"><strong>l&agrave;m trắng da mặt</strong></a>&nbsp;v&igrave; nha đam c&oacute; t&iacute;nh m&aacute;t v&agrave; c&oacute; nhiều vitamin, kho&aacute;ng chất tốt cho da.</p>\r\n\r\n<p>&ldquo;M&igrave;nh si&ecirc;ng năng l&agrave;m trắng da bằng c&aacute;ch đắp mặt nạ nha đam 3 lần mỗi tuần v&agrave; thấy kh&aacute; khả quan da s&aacute;ng, giảm dầu. Ngo&agrave;i ra m&igrave;nh c&ograve;n l&agrave;m nha đam để ăn v&agrave; uống vừa chăm s&oacute;c b&ecirc;n ngo&agrave;i vừa cải thiện b&ecirc;n trong&rdquo;, Mai Trang cho biết.</p>\r\n\r\n<p><a href=\"http://lamtrangda.vn/wp-content/uploads/2018/09/lam-trang-da-mat-bang-nha-dam-1.jpg\"><img alt=\"cách làm trắng da tự nhiên bằng nha đam\" src=\"http://lamtrangda.vn/wp-content/uploads/2018/09/lam-trang-da-mat-bang-nha-dam-1.jpg\" style=\"height:281px; width:500px\" /></a></p>\r\n\r\n<p><em>C&aacute;ch l&agrave;m mặt nạ gi&uacute;p da trắng se kh&iacute;t lỗ ch&acirc;n l&ocirc;ng rất đơn giản</em></p>\r\n\r\n<p>Sau đ&acirc;y l&agrave; c&aacute;ch l&agrave;m trắng da mặt bằng nha đam của m&igrave;nh. Nha đam m&igrave;nh c&oacute; trồng trong v&agrave;i chậu cảnh nếu kh&ocirc;ng đủ th&igrave; m&igrave;nh vẫn mua ở si&ecirc;u thị n&ecirc;n nếu ai kh&ocirc;ng trồng sẵn nha đam trong vườn th&igrave; c&oacute; thể t&igrave;m mua nha đam sạch ở si&ecirc;u thị. Cho 1 lần đắp cần khoảng 1/2 l&aacute; nha đam nhỏ, bạn gọt sạch phần vỏ xanh, cắt nhỏ cho v&agrave;o t&ocirc; nước ng&acirc;m với chanh (vắt khoảng nửa quả chanh nhỏ) trong 20 ph&uacute;t.</p>\r\n\r\n<p>V&igrave; nhựa nha đam c&oacute; thể g&acirc;y k&iacute;ch ứng da n&ecirc;n cần ng&acirc;m sạch kĩ c&agrave;ng với chanh. Sau đ&oacute; rửa sạch dưới v&ograve;i nước nhiều lần.</p>\r\n\r\n<p><a href=\"http://lamtrangda.vn/wp-content/uploads/2018/09/lam-trang-da-mat-bang-nha-dam-2.jpg\"><img alt=\"mặt nạ nha đam làm trắng da mặt\" src=\"http://lamtrangda.vn/wp-content/uploads/2018/09/lam-trang-da-mat-bang-nha-dam-2.jpg\" style=\"height:333px; width:500px\" /></a></p>\r\n\r\n<p><em>Mặt nạ nha đam l&agrave;m trắng da mặt</em></p>\r\n\r\n<p>Bước tiếp theo đem xay nhuyễn hoặc dầm nhuyễn bằng tay. Vậy l&agrave; ta chỉ việc đem tinh chất nha đam bỏ tủ lạnh tầm 30 ph&uacute;t rồi đem da đắp khoảng 15 ph&uacute;t. Sau đ&oacute; nhớ rửa sạch bằng nước bạn sẽ cảm nhận được da s&aacute;ng v&agrave; căng mịn.</p>\r\n\r\n<p><a href=\"http://lamtrangda.vn/wp-content/uploads/2018/09/lam-trang-da-mat-bang-nha-dam-3.png\"><img alt=\"Làm trắng da mặt bằng nha đam\" src=\"http://lamtrangda.vn/wp-content/uploads/2018/09/lam-trang-da-mat-bang-nha-dam-3.png\" style=\"height:330px; width:500px\" /></a></p>\r\n\r\n<p><em>Sau khoảng 2 tuần da trắng r&otilde; rệt v&agrave; lỗ ch&acirc;n l&ocirc;ng c&oacute; se kh&iacute;t hơn</em></p>\r\n\r\n<p>Chỉ sau 2 tuần &aacute;p dụng Mai Trang đ&atilde; tự tin với l&agrave;n da s&aacute;ng mịn v&agrave; lỗ ch&acirc;n l&ocirc;ng được se kh&iacute;t. M&igrave;nh cũng khuy&ecirc;n c&aacute;c bạn rằng nếu kh&ocirc;ng ki&ecirc;n tr&igrave; &aacute;p dụng được c&aacute;c c&aacute;ch l&agrave;m trắng da tự nhi&ecirc;n th&igrave; n&ecirc;n t&igrave;m đến c&aacute;c spa uy t&iacute;n để chăm s&oacute;c da chuy&ecirc;n nghiệp, kh&ocirc;ng n&ecirc;n sử dụng c&aacute;c loại kem tr&ocirc;i nổi tr&ecirc;n mạng rất dễ l&agrave;m tổn thương l&agrave;n da một c&aacute;ch nghi&ecirc;m trọng.</p>\r\n\r\n<p>Ch&uacute;c c&aacute;c bạn &aacute;p dụng th&agrave;nh c&ocirc;ng nh&eacute;!</p>\r\n','16/06/2020',NULL,'admin',NULL,0,0,11,3),(43,'Bí Quyết Của Làn Da Trắng Hồng Như Thiên Thần Miranda Kerr','Bí-quyet-lam-dep-cua-Miranda-Kerr-Tóc-800x1023.jpg','Miranda Kerr – cựu thiên thần nổi tiếng của Victoria’s Secret đã từng tiết lộ, bí quyết làm đẹp của cô chỉ gói gọn trong 15 phút buổi sáng. Thật khó có thể tin được, làn da trắng không tì vết, khuôn mặt chuẩn chỉnh đến từng milimet, vóc dáng gợi cảm, lại chỉ cần 15 phút ngắn ngủi để chỉn chu hoàn hảo! Vậy bí quyết của cô là gì? Hãy cùng lamtrangda.vn tìm hiểu nhé!','<p>Miranda Kerr &ndash; cựu thi&ecirc;n thần nổi tiếng của Victoria&rsquo;s Secret đ&atilde; từng tiết lộ, b&iacute; quyết l&agrave;m đẹp của c&ocirc; chỉ g&oacute;i gọn trong 15 ph&uacute;t buổi s&aacute;ng. Thật kh&oacute; c&oacute; thể tin được, l&agrave;n da trắng kh&ocirc;ng t&igrave; vết, khu&ocirc;n mặt chuẩn chỉnh đến từng milimet, v&oacute;c d&aacute;ng gợi cảm, lại chỉ cần 15 ph&uacute;t ngắn ngủi để chỉn chu ho&agrave;n hảo! Vậy b&iacute; quyết của c&ocirc; l&agrave; g&igrave;? H&atilde;y c&ugrave;ng lamtrangda.vn t&igrave;m hiểu nh&eacute;!</p>\r\n\r\n<p><strong>1. Ch&agrave;o buổi s&aacute;ng với 1 cốc nước chanh ấm</strong></p>\r\n\r\n<p>Miranda Kerr t&acirc;m sự, th&oacute;i quen của c&ocirc; sau khi tỉnh dậy l&agrave; uống một cốc nước ấm pha với nước cốt của nửa tr&aacute;i chanh tươi. &ldquo;Nước chanh ấm gi&uacute;p khởi động hệ ti&ecirc;u h&oacute;a cho cả ng&agrave;y d&agrave;i ph&iacute;a trước&rdquo;. Hơn thế nữa, nước cốt chanh gi&uacute;p bạn tăng khả năng miễn dịch, c&acirc;n bằng độ pH cho da, th&uacute;c đẩy qu&aacute; tr&igrave;nh&nbsp;<a href=\"http://lamtrangda.vn/thay-doi-thuc-don-hang-ngay-de-lam-dep-da-tu-nhien/\">t&aacute;i tạo l&agrave;n da&nbsp;</a>bởi th&agrave;nh phần dồi d&agrave;o vitamin C.</p>\r\n\r\n<p><a href=\"http://lamtrangda.vn/wp-content/uploads/2017/09/f12.jpg\"><img alt=\"thức uống\" src=\"http://lamtrangda.vn/wp-content/uploads/2017/09/f12.jpg\" style=\"height:408px; width:612px\" /></a></p>\r\n\r\n<p>Mật ong pha c&ugrave;ng nước chanh ấm cũng l&agrave; lựa chọn kh&ocirc;ng tồi đ&acirc;u nh&eacute;</p>\r\n\r\n<p><strong>2. Chải kh&ocirc; cơ thể trước khi tắm</strong></p>\r\n\r\n<p>Rất &iacute;t người biết v&agrave; &aacute;p dụng c&aacute;ch thức chăm s&oacute;c da độc đ&aacute;o n&agrave;y. Đ&acirc;y cũng l&agrave; một c&aacute;ch tẩy da chết an to&agrave;n v&agrave; hiệu quả của c&ocirc; n&agrave;ng Miranda. D&ugrave;ng b&agrave;n chải l&ocirc;ng mềm kh&ocirc; để chải to&agrave;n bộ cơ thể như một c&aacute;ch vuốt ve v&agrave; xoa dịu body, lại vừa loại bỏ c&aacute;c tế b&agrave;o da gi&agrave; cỗi, gi&uacute;p lưu th&ocirc;ng mạch m&aacute;u, l&agrave;n da sẽ trở n&ecirc;n mịn m&agrave;ng hơn.</p>\r\n\r\n<p><a href=\"http://lamtrangda.vn/wp-content/uploads/2017/09/f22.jpg\"><img alt=\"chăm sóc da\" src=\"http://lamtrangda.vn/wp-content/uploads/2017/09/f22.jpg\" style=\"height:408px; width:612px\" /></a></p>\r\n\r\n<p>C&aacute;ch thức thực hiện v&ocirc; c&ugrave;ng đơn giản: bạn chỉ cần chải từ b&agrave;n ch&acirc;n ngược l&ecirc;n tr&ecirc;n trước khi tắm</p>\r\n\r\n<p><strong>3. Tắm v&agrave;o buổi s&aacute;ng</strong></p>\r\n\r\n<p>Tắm v&agrave;o buổi s&aacute;ng l&agrave; một c&aacute;ch khởi động ng&agrave;y mới hiệu quả. Sử dụng sữa tắm dưỡng ẩm v&agrave; m&ugrave;i hương hoa hồng, hoa lavender sẽ gi&uacute;p bạn duy tr&igrave; l&agrave;n da ẩm mượt, căng mịn, mang lại cảm gi&aacute;c thư th&aacute;i nhẹ nh&agrave;ng để bắt đầu ng&agrave;y mới.</p>\r\n\r\n<p><a href=\"http://lamtrangda.vn/wp-content/uploads/2017/09/f32.jpg\"><img alt=\"chăm sóc da\" src=\"http://lamtrangda.vn/wp-content/uploads/2017/09/f32.jpg\" style=\"height:408px; width:612px\" /></a></p>\r\n\r\n<p>Nước ấm gi&uacute;p lưu th&ocirc;ng mạch m&aacute;u, mang lại cho bạn tinh thần sảng kho&aacute;i</p>\r\n\r\n<p>Bạn cũng c&oacute; thể tận dụng thời gian tắm để bắt đầu quy tr&igrave;nh chăm s&oacute;c da với bước l&agrave;m sạch da mặt.</p>\r\n\r\n<p><strong>4. Dưỡng ẩm cho da thường xuy&ecirc;n</strong></p>\r\n\r\n<p>Để duy tr&igrave; độ ẩm cần thiết cho da, Miranda lu&ocirc;n mang theo m&igrave;nh một chai xịt kho&aacute;ng để cấp nước kịp thời, gi&uacute;p da lu&ocirc;n tươi mới.</p>\r\n\r\n<p><strong>5. Chăm s&oacute;c t&oacute;c</strong></p>\r\n\r\n<p>&ldquo;T&ocirc;i thường gội đầu v&agrave;o buổi tối v&agrave; để cho t&oacute;c kh&ocirc; tự nhi&ecirc;n v&agrave; tạo kiểu v&agrave;o s&aacute;ng h&ocirc;m sau&rdquo;. Ngo&agrave;i ra, lược của Miranda l&agrave; loại lược được l&agrave;m từ c&aacute;c sợi l&ocirc;ng tự nhi&ecirc;n v&igrave; gi&uacute;p t&oacute;c b&oacute;ng mượt, kh&ocirc;ng l&agrave;m hại t&oacute;c v&agrave; mang lại cảm gi&aacute;c nhẹ nh&agrave;ng cho da đầu.</p>\r\n\r\n<p><strong>6. Trang điểm</strong></p>\r\n\r\n<p>C&aacute;c ng&ocirc;i sao rất hiếm khi để mặt mộc ra đường. Makeup l&agrave; bước chăm s&oacute;c da cuối c&ugrave;ng của Miranda. Để ho&agrave;n thiện vẻ ngo&agrave;i của m&igrave;nh, c&ocirc; n&agrave;ng thường sử dụng son dưỡng v&agrave; son đỏ. Son đỏ lu&ocirc;n l&agrave; lựa chọn tối ưu v&igrave; n&oacute; l&agrave;m&nbsp;<a href=\"http://saigonsmilespa.com.vn/tam-trang-va-lam-trang-da/trang-hong-ultra-hd-white-5635\">da bạn bừng s&aacute;ng v&agrave; thu h&uacute;t mọi &aacute;nh nh&igrave;n.</a></p>\r\n\r\n<p><strong>7. Thức uống xanh lu&ocirc;n l&agrave; bạn đồng h&agrave;nh</strong></p>\r\n\r\n<p>Thức uống tốt nhất cho l&agrave;n da bạn l&agrave; nước &eacute;p tr&aacute;i c&acirc;y, tr&agrave; xanh, nước lọc,&hellip; Tr&aacute;i c&acirc;y tươi &eacute;p lấy nước sẽ được hấp thụ nhanh qua m&aacute;u, mang lại hiệu quả t&iacute;ch cực tức th&igrave;. Chất diệp lục trong rau quả xanh cũng gi&uacute;p bạn chống lại qu&aacute; tr&igrave;nh oxy h&oacute;a trong khi tr&aacute;i c&acirc;y mang tới nhiều vitamin dưỡng trắng da từ s&acirc;u b&ecirc;n trong,&nbsp;<a href=\"http://saigonsmilespa.com.vn/\">cho l&agrave;n da trắng hồng mịn m&agrave;ng.</a></p>\r\n\r\n<p><a href=\"http://lamtrangda.vn/wp-content/uploads/2017/09/f41.jpg\"><img alt=\"chăm sóc da\" src=\"http://lamtrangda.vn/wp-content/uploads/2017/09/f41.jpg\" style=\"height:408px; width:612px\" /></a></p>\r\n\r\n<p>Cơ thể khỏe mạnh c&ugrave;ng thức uống xanh</p>\r\n','16/06/2020',NULL,'admin',NULL,0,0,36,3),(44,'CÁCH CHĂM SÓC DA CỦA SAO HÀN','chamsocda3-1.jpg','Làm sao để sao Hàn có được làn da căng mịn và trắng bóng một cách ấn tượng như vậy, bí quyết nào để họ luôn đẹp bất chấp với thời gian. Mời bạn đọc cùng xem qua những cách chăm sóc da của sao Hàn để có thêm kinh nghiệm cho mình.','<p>L&agrave;m sao để sao H&agrave;n c&oacute; được l&agrave;n da căng mịn v&agrave; trắng b&oacute;ng một c&aacute;ch ấn tượng như vậy, b&iacute; quyết n&agrave;o để họ lu&ocirc;n đẹp bất chấp với thời gian. Mời bạn đọc c&ugrave;ng xem qua những c&aacute;ch chăm s&oacute;c da của sao H&agrave;n để c&oacute; th&ecirc;m kinh nghiệm cho m&igrave;nh.</p>\r\n\r\n<p><img alt=\"Cách chăm sóc da của sao Hàn\" src=\"https://thammyhanquoc.vn/wp-content/uploads/2016/11/chamsocda3-1.jpg\" style=\"height:529px; width:660px\" /></p>\r\n\r\n<p><em>Những c&aacute;ch chăm s&oacute;c da của sao H&agrave;n</em></p>\r\n\r\n<p>NỘI DUNG CH&Iacute;NH&nbsp;[<a href=\"https://thammyhanquoc.vn/lam-dep-meo-vat/cach-cham-soc-da-cua-sao-han.html#\">hide</a>]</p>\r\n\r\n<ul>\r\n	<li><a href=\"https://thammyhanquoc.vn/lam-dep-meo-vat/cach-cham-soc-da-cua-sao-han.html#Uong_nhieu_nuoc\">1&nbsp;Uống nhiều nước</a></li>\r\n	<li><a href=\"https://thammyhanquoc.vn/lam-dep-meo-vat/cach-cham-soc-da-cua-sao-han.html#Tay_da_chet\">2&nbsp;Tẩy da chết</a></li>\r\n	<li><a href=\"https://thammyhanquoc.vn/lam-dep-meo-vat/cach-cham-soc-da-cua-sao-han.html#Duong_am_cho_da\">3&nbsp;Dưỡng ẩm cho da</a></li>\r\n	<li><a href=\"https://thammyhanquoc.vn/lam-dep-meo-vat/cach-cham-soc-da-cua-sao-han.html#An_nhieu_trai_cay_va_rau_xanh\">4&nbsp;Ăn nhiều tr&aacute;i c&acirc;y v&agrave; rau xanh</a></li>\r\n	<li><a href=\"https://thammyhanquoc.vn/lam-dep-meo-vat/cach-cham-soc-da-cua-sao-han.html#Dap_mat_na_tu_nhien\">5&nbsp;Đắp mặt nạ tự nhi&ecirc;n</a></li>\r\n</ul>\r\n\r\n<h2><strong>Uống nhiều nước</strong></h2>\r\n\r\n<p>C&aacute;c mỹ nh&acirc;n H&agrave;n tin rằng, uống nhiều nước sẽ gi&uacute;p l&agrave;n da của họ được duy tr&igrave; khỏe mạng v&agrave; ấn tượng. V&igrave; thế, họ lu&ocirc;n bắt đầu ng&agrave;y mới bằng một cốc nước ấm v&agrave; sử dụng ch&uacute;ng thường xuy&ecirc;n trong ng&agrave;y. Ch&iacute;nh v&igrave; thế m&agrave; l&agrave;n da của c&aacute;c mỹ nh&acirc;n H&agrave;n lu&ocirc;n ấn tượng v&agrave; căng b&oacute;ng.</p>\r\n\r\n<p><img alt=\"Cách chăm sóc da của sao Hàn\" src=\"https://thammyhanquoc.vn/wp-content/uploads/2016/11/hoc-sao-han-bi-quyet-giam-can-sieu-toc2-1.jpg\" style=\"height:353px; width:500px\" /></p>\r\n\r\n<p><em>Uống nhiều nước c&oacute; t&aacute;c dụng l&agrave;m b&oacute;ng v&agrave; căng da mặt</em></p>\r\n\r\n<h2><strong>Tẩy da chết</strong></h2>\r\n\r\n<p>V&igrave; t&iacute;nh chất c&ocirc;ng việc phải đi quay v&agrave; hoạt động thường xuy&ecirc;n n&ecirc;n c&aacute;c vi khuẩn dễ d&agrave;ng x&acirc;m nhập v&agrave; cư tr&uacute; tr&ecirc;n da. C&oacute; lẽ v&igrave; thế m&agrave; c&aacute;c mĩ nh&acirc;n H&agrave;n thường xuy&ecirc;n tẩy tế b&agrave;o chết để t&aacute;i tạo l&agrave;n da v&agrave; ngăn ngừa sự x&acirc;m nhập của c&aacute;c vi khuẩn.</p>\r\n\r\n<h2><strong>Dưỡng ẩm cho da</strong></h2>\r\n\r\n<p>C&aacute;ch chăm s&oacute;c da của sao H&agrave;n ch&iacute;nh l&agrave; dưỡng ẩm cho da mỗi ng&agrave;y. Cho d&ugrave; c&oacute; bận rộn đến mấy, họ cũng lu&ocirc;n thoa kem dưỡng ẩm để gi&uacute;p da được mịn m&agrave;ng, căng b&oacute;ng v&agrave; tr&aacute;nh được những t&aacute;c hại</p>\r\n\r\n<p><img alt=\"Cách chăm sóc da của sao Hàn\" src=\"https://thammyhanquoc.vn/wp-content/uploads/2016/11/sao_han_4-2.jpg\" style=\"height:453px; width:550px\" /></p>\r\n\r\n<p><em>Dưỡng ẩm cho da l&agrave; bước quan trọng được nhiều sao H&agrave;n &aacute;p dụng</em></p>\r\n\r\n<h2><strong>Ăn nhiều tr&aacute;i c&acirc;y v&agrave; rau xanh</strong></h2>\r\n\r\n<p>C&aacute;c mỹ nh&acirc;n H&agrave;n c&oacute; được vẻ đẹp kh&ocirc;ng g&oacute;c chết với l&agrave;n da trắng s&aacute;ng v&agrave; căng b&oacute;ng như vậy ch&iacute;nh l&agrave; nhờ chế độ dinh dưỡng c&acirc;n đối. Họ thường xuy&ecirc;n sử dụng tr&aacute;i c&acirc;y, hoa quả v&agrave; rau xanh trong bửa ăn của m&igrave;nh để c&oacute; được nhiều Vitamin v&agrave; kho&aacute;ng chất cần thiết cho cơ thể.</p>\r\n\r\n<h2><strong>Đắp mặt nạ tự nhi&ecirc;n</strong></h2>\r\n\r\n<p>Những loại mặt nạ như nha đam, d&acirc;u t&acirc;y, c&agrave; chua, sữa tươi&hellip;đều được c&aacute;c mĩ nh&acirc;n H&agrave;n y&ecirc;u th&iacute;ch v&agrave; sử dụng h&agrave;ng ng&agrave;y. Với c&aacute;c ng&ocirc;i sao H&agrave;n, việc dưỡng da từ tự nhi&ecirc;n kh&ocirc;ng chỉ gi&uacute;p họ c&oacute; được l&agrave;n da đẹp m&agrave; c&ograve;n mang lại sự tươi trẻ v&agrave; săn chắc cho l&agrave;n da.</p>\r\n\r\n<p><img alt=\"Cách chăm sóc da của sao Hàn\" src=\"https://thammyhanquoc.vn/wp-content/uploads/2016/11/STAR-HOME-SPA-MAT-NA-TRAI-CAY.jpg\" style=\"height:525px; width:700px\" /></p>\r\n\r\n<p><em>Đắp mặt nạ tự nhi&ecirc;n mỗi ng&agrave;y để c&oacute; được l&agrave;n da đẹp</em></p>\r\n\r\n<p>Với những c&aacute;ch chăm s&oacute;c da của sao H&agrave;n hy vọng bạn sẽ t&igrave;m ra cho m&igrave;nh phương ph&aacute;p l&agrave;m đẹp ấn tượng để c&oacute; l&agrave;n da như mong muốn.</p>\r\n','16/06/2020',NULL,'admin',NULL,0,0,182,3),(45,'8 bí kíp làm đẹp kỳ quặc của sao Hàn, nghe thôi cũng thấy sợ hãi','20200415181743-5e5d.jpg','Những mẹo làm đẹp này hiện vẫn đang gây tranh cãi.','<h2>Những mẹo l&agrave;m đẹp n&agrave;y hiện vẫn đang g&acirc;y tranh c&atilde;i.</h2>\r\n\r\n<p><strong>1, Kihyun (MONSTA X)</strong><br />\r\n<br />\r\nHầu hết mọi người đều muốn apply c&aacute;c sản phẩm dưỡng thật nhẹ nh&agrave;ng v&agrave; cẩn thận l&ecirc;n mặt, nhưng<a href=\"https://tinnhac.com/nghe-si/monsta-x.html\" target=\"_blank\">&nbsp;<strong>Kihyun (MONSTA X)</strong>&nbsp;</a>th&igrave; kh&ocirc;ng. Thay v&agrave;o đ&oacute;, anh ch&agrave;ng th&iacute;ch &quot;t&aacute;p&quot; c&aacute;c dưỡng chất thật m&atilde;nh mẽ l&ecirc;n da, kh&ocirc;ng phải vỗ m&agrave; l&agrave;... t&aacute;t thẳng v&agrave;o mặt. Th&agrave;nh vi&ecirc;n c&ugrave;ng nh&oacute;m - IM cho biết c&aacute;ch dưỡng da của Kihyun kh&aacute; l&agrave; bạo lực.</p>\r\n\r\n<p><img src=\"https://file.tinnhac.com/resize/600x-/2020/04/15/20200415181743-5e5d.jpg\" /><br />\r\n<br />\r\n<strong>2, Shownu (MONSTA X)</strong></p>\r\n\r\n<p>Trưởng nh&oacute;m MONSTA X l&agrave;<strong><a href=\"https://tinnhac.com/nghe-si/shownu-monsta-x.html\" target=\"_blank\">&nbsp;Shownu</a></strong>&nbsp;cũng c&oacute; c&aacute;ch l&agrave;m đẹp kỳ lạ khi dưỡng da. Thay v&igrave; sử dụng to&agrave;n bộ b&agrave;n tay hoặc chỉ một ng&oacute;n tay, anh lu&ocirc;n sử dụng ba ng&oacute;n tay b&ocirc;i huyết thanh v&agrave; kem dưỡng ẩm l&ecirc;n da.</p>\r\n\r\n<p><img src=\"https://file.tinnhac.com/resize/600x-/2020/04/15/20200415181812-f569.jpg\" /><br />\r\n<br />\r\n<strong>3, JooE (MOMOLAND)</strong></p>\r\n\r\n<p>Kh&aacute;c với kiểu dưỡng da hung hăng của Kihyun v&agrave; Shownu, th&agrave;nh vi&ecirc;n MOMOLAND thường sử dụng ng&oacute;n &aacute;p &uacute;t để chạm l&ecirc;n mặt. Đ&acirc;y l&agrave; ng&oacute;n tay c&oacute; lực nhẹ nhất v&agrave; &iacute;t g&acirc;y tổn thương da. C&aacute;c chuy&ecirc;n gia khuy&ecirc;n người d&ugrave;ng n&ecirc;n sử dụng ng&oacute;n &aacute;p &uacute;t để thoa kem mắt, nhưng<strong>&nbsp;<a href=\"https://tinnhac.com/nghe-si/jooe-momoland.html\" target=\"_blank\">JooE</a></strong>&nbsp;đ&atilde; &aacute;p dụng cho to&agrave;n bộ khu&ocirc;n mặt. Song, nhiều fan tin rằng lực tr&ecirc;n ng&oacute;n tay n&agrave;y kh&ocirc;ng đủ để massage cho l&agrave;n da v&agrave; để c&aacute;c sản phẩm thẩm thấu s&acirc;u.&nbsp;</p>\r\n\r\n<p><img src=\"https://file.tinnhac.com/resize/600x-/2020/04/15/20200415181833-916e.jpg\" /><br />\r\n<br />\r\n<strong>4, Wooyoung (ATEEZ)</strong><br />\r\n<br />\r\nRửa mặt l&agrave; bước đầu ti&ecirc;n trong bất kỳ quy tr&igrave;nh chăm s&oacute;c da n&agrave;o, nhưng&nbsp;<a href=\"https://tinnhac.com/nghe-si/ateez.html\"><strong>Wooyoung (ATEEZ)</strong>&nbsp;</a>khuy&ecirc;n mọi người kh&ocirc;ng n&ecirc;n sử dụng nước hoặc sữa rửa mặt th&ocirc;ng thường. Thay v&agrave;o đ&oacute;, anh ch&agrave;ng gợi &yacute; một mẹo l&agrave;m đẹp cổ điển của người H&agrave;n Quốc l&agrave; rửa mặt bằng nước vo gạo. Tinh chất từ gạo sẽ gi&uacute;p l&agrave;n da s&aacute;ng mịn v&agrave; c&oacute; độ ẩm cao hơn nước th&ocirc;ng thường.</p>\r\n\r\n<p><img src=\"https://file.tinnhac.com/resize/600x-/2020/04/15/20200415181926-bfdd.jpg\" /><br />\r\n<br />\r\n<strong>5, Youngbin (SF9)</strong><br />\r\n<br />\r\nAi cũng biết rằng ngủ đủ giấc l&agrave; một trong những ch&igrave;a kh&oacute;a để c&oacute; một vẻ ngo&agrave;i tuyệt vời, nhưng&nbsp;<strong><a href=\"https://tinnhac.com/nghe-si/sf9.html\" target=\"_blank\">Youngbin</a></strong>&nbsp;lại tin rằng giấc ngủ v&agrave;o những giờ cụ thể mới thực sự tốt. Th&agrave;nh vi&ecirc;n SF9 v&agrave; rất nhiều người H&agrave;n Quốc tin rằng đi ngủ trong khoảng thời gian từ 10:00 tối đến 2:00 s&aacute;ng sẽ gi&uacute;p cải thiện l&agrave;n da.</p>\r\n\r\n<p><img src=\"https://file.tinnhac.com/resize/600x-/2020/04/15/20200415181949-d231.jpg\" /><br />\r\n<br />\r\n<strong>6, Rocky (ASTRO)</strong><br />\r\n<br />\r\nN&oacute;i đến th&oacute;i quen chăm s&oacute;c da h&agrave;ng ng&agrave;y, c&aacute;c chuy&ecirc;n gia l&agrave;m đẹp khuy&ecirc;n bạn n&ecirc;n sử dụng c&aacute;c sản phẩm tốt cho l&agrave;n da của bạn. Tuy nhi&ecirc;n,&nbsp;<strong><a href=\"https://tinnhac.com/nghe-si/astro.html\" target=\"_blank\">Rocky (ASTRO)</a></strong>&nbsp;sử dụng một phương ph&aacute;p khắc nghiệt, đ&oacute; l&agrave; sử dụng nước rửa k&iacute;nh &aacute;p tr&ograve;ng để rửa mặt. Đ&acirc;y l&agrave; mẹo l&agrave;m đẹp m&agrave; mẹ anh ch&agrave;ng truyền lại cho con trai. Tuy nhi&ecirc;n, một số loại nước k&iacute;nh &aacute;p tr&ograve;ng c&oacute; thể g&acirc;y k&iacute;ch ứng da v&igrave; c&oacute; chất tẩy rửa mạnh.</p>\r\n\r\n<p>&nbsp;</p>\r\n\r\n<p><img src=\"https://file.tinnhac.com/resize/600x-/2020/04/15/20200415182011-cfa4.jpg\" /><br />\r\n<br />\r\n<strong>7, Sanha (ASTRO)</strong></p>\r\n\r\n<p>&nbsp;</p>\r\n\r\n<p>Nếu bạn nghĩ rằng phương ph&aacute;p của Rocky kh&ocirc;ng ổn th&igrave; t&iacute;p l&agrave;m đẹp của<strong>&nbsp;<a href=\"https://tinnhac.com/nghe-si/sanha-astro.html\" target=\"_blank\">Sanha (ASTRO)</a></strong>&nbsp;cũng kỳ lạ kh&ocirc;ng k&eacute;m. Th&agrave;nh vi&ecirc;n&nbsp;<strong>Moonbin</strong>&nbsp;cho biết Sanha thường rửa mặt bằng giấm. Anh ch&agrave;ng sẽ pha lo&atilde;ng giấm để l&agrave;m sạch da. Sau một thời gian &aacute;p dụng mẹo n&agrave;y, nam thần tượng kh&ocirc;ng thấy bất kỳ sự chuyển biến t&iacute;ch cực n&agrave;o tr&ecirc;n da.</p>\r\n\r\n<p><img src=\"https://file.tinnhac.com/resize/600x-/2020/04/15/20200415182033-b405.jpg\" /></p>\r\n\r\n<p><br />\r\n<strong>8, Hyelin (EXID)</strong></p>\r\n\r\n<p><a href=\"https://tinnhac.com/nghe-si/hyerin-exid.html\" target=\"_blank\"><strong>Hyelin</strong>&nbsp;</a>chỉ sử dụng một sản phẩm chăm s&oacute;c da trong routine của m&igrave;nh, nhưng đ&oacute; kh&ocirc;ng phải l&agrave; sữa rửa mặt, toner hay kem dưỡng ẩm. Thay v&agrave;o đ&oacute;, c&ocirc; n&agrave;ng chỉ sử dụng Vaseline. Jeonghwa tiết lộ l&agrave;n da của Hyelin l&agrave; &quot;cực phẩm&quot;, do đ&oacute; c&ocirc; n&agrave;ng kh&ocirc;ng qu&aacute; mặn m&agrave; với phương ph&aacute;p skincare nhiều bước.</p>\r\n\r\n<p><img src=\"https://file.tinnhac.com/resize/600x-/2020/04/15/20200415182056-7545.jpg\" /></p>\r\n\r\n<p><strong>Tạm kết</strong></p>\r\n\r\n<p>Trong dưỡng da v&agrave; l&agrave;m đẹp, kh&ocirc;ng c&oacute; kh&aacute;i niệm đ&uacute;ng hay sai. T&ugrave;y v&agrave;o nền da của mỗi người sẽ c&oacute; c&aacute;ch chăm s&oacute;c kh&aacute;c nhau. Người h&acirc;m mộ kh&ocirc;ng n&ecirc;n qu&aacute; phụ thuộc v&agrave; &quot;&aacute;p&quot; hết phương ph&aacute;p của thần tượng m&agrave; n&ecirc;n tự t&igrave;m ra c&aacute;ch thức l&agrave;m đẹp hợp nhất với bản th&acirc;n m&igrave;nh.&nbsp;</p>\r\n','16/06/2020',NULL,'admin',NULL,0,0,40,3),(46,'NHỮNG TRẢI NGHIỆM LÀM ĐẸP CHUẨN HÀN PHẢI THỬ Ở SEOUL','feature-IMG-10.jpg','Nổi tiếng với nền công nghệ làm đẹp tiên tiến và hiện đại, Hàn Quốc luôn đi đầu trong các lĩnh vực làm đẹp như mỹ phẩm, phẫu thuật thẩm mỹ và các thiết bị làm đẹp khác. Có bao giờ bạn thắc mắc vì sao làn da và tóc tai của các bạn Hàn Quốc luôn chuẩn chỉnh không chỗ chê như vậy?','<p>Nổi tiếng với nền c&ocirc;ng nghệ l&agrave;m đẹp ti&ecirc;n tiến v&agrave; hiện đại, H&agrave;n Quốc lu&ocirc;n đi đầu trong c&aacute;c lĩnh vực l&agrave;m đẹp như<a href=\"https://vn.blog.kkday.com/2019/08/03/du-lich-han-quoc-tu-tuc-nhung-my-pham-han-quoc-phai-mua-khi-di-seoul/\">&nbsp;<strong>mỹ phẩm,</strong></a>&nbsp;phẫu thuật thẩm mỹ v&agrave; c&aacute;c thiết bị l&agrave;m đẹp kh&aacute;c. C&oacute; bao giờ bạn thắc mắc v&igrave; sao l&agrave;n da v&agrave; t&oacute;c tai của c&aacute;c bạn H&agrave;n Quốc lu&ocirc;n chuẩn chỉnh kh&ocirc;ng chỗ ch&ecirc; như vậy? Bạn c&oacute; biết họ rất tập trung v&agrave;o việc đi spa H&agrave;n Quốc để chăm s&oacute;c cho vẻ ngo&agrave;i. Gi&uacute;p họ l&uacute;c n&agrave;o cũng tự tin v&agrave; rạng ngời. M&igrave;nh phải c&ocirc;ng nhận sự quyết t&acirc;m v&agrave; c&oacute; phần nể phục lu&ocirc;n sự ki&ecirc;n tr&igrave; đi spa H&agrave;n Quốc của người d&acirc;n xứ Kim Chi. Nếu bạn l&agrave; một t&iacute;n đồ của c&aacute;c xu hướng l&agrave;m đẹp H&agrave;n Quốc, đừng bỏ qua 3 trong số rất nhiều<a href=\"https://vn.blog.kkday.com/2019/08/09/du-lich-han-quoc-buoi-toi-o-seoul-di-dau-choi-gi/\"><strong>&nbsp;trải nghiệm vui chơi v&agrave; l&agrave;m đẹp th&uacute; vị ở Seoul</strong></a>&nbsp;nh&eacute;.</p>\r\n\r\n<p><strong>Những c&aacute;ch di chuyển v&agrave; đi lại trong nội th&agrave;nh Seoul, H&agrave;n Quốc:</strong></p>\r\n\r\n<p>L&agrave; một đất nước ph&aacute;t triển n&ecirc;n ngay tại th&agrave;nh phố Seoul, người d&acirc;n được trang bị v&agrave; c&oacute; cơ hội sử dụng những phương tiện c&ocirc;ng cộng như xe bus, t&agrave;u điện v&agrave;&nbsp;<a href=\"https://www.kkday.com/vi/product/10835?cid=3055&amp;ud1=20190188&amp;ud2=KR\" target=\"_blank\"><strong>xe hơi đưa đ&oacute;n.&nbsp;</strong></a>Với sự hỗ trợ của c&ocirc;ng nghệ, bạn c&oacute; thể dễ d&agrave;ng mua<a href=\"https://vn.blog.kkday.com/2018/09/23/tat-tan-tat-ve-the-su-dung-phuong-tien-cong-cong-tai-han-sing-thai-lan-hong-kong-dai-loan/\"><strong>&nbsp;c&aacute;c loại thẻ để hỗ trợ cho việc di chuyển</strong>.</a>&nbsp;Tuy nhi&ecirc;n m&igrave;nh sẽ liệt k&ecirc; ra 1 số c&aacute;c loại thẻ m&agrave; bạn cần biết khi đi du lịch tại Seoul:</p>\r\n\r\n<ol>\r\n	<li><a href=\"https://www.kkday.com/vi/product/2930?cid=3055&amp;ud1=20190188&amp;ud2=KR\" target=\"_blank\"><strong>Thẻ Korail Pass&nbsp;</strong></a>ph&ugrave; hợp cho việc di chuyển khắp Seoul bằng t&agrave;u KTX.</li>\r\n	<li><a href=\"https://www.kkday.com/vi/product/17942?cid=3055&amp;ud1=20190188&amp;ud2=KR\" target=\"_blank\"><strong>Thẻ đa năng T-money</strong></a>&nbsp;gi&uacute;p tiết kiệm tối đa chi ph&iacute; di chuyển tại Seoul. M&igrave;nh c&oacute;&nbsp;<a href=\"https://www.kkday.com/vi/product/20721?cid=3055&amp;ud1=20190188&amp;ud2=KR\" target=\"_blank\"><strong>ưu đ&atilde;i ở KKday</strong>&nbsp;</a>khi mua combo T-money + Sim 4G, gi&aacute; rẻ hơn lu&ocirc;n.</li>\r\n	<li><a href=\"https://www.kkday.com/vi/product/12827?cid=3055&amp;ud1=20190188&amp;ud2=KR\" target=\"_blank\"><strong>Thẻ Discover Seoul Pass</strong></a>&nbsp;gi&uacute;p bạn di chuyển v&agrave; tham quan hơn 34 địa điểm thu h&uacute;t kh&aacute;ch du lịch.</li>\r\n</ol>\r\n\r\n<p><em>Xem th&ecirc;m: C&aacute;ch sử dụng thẻ&nbsp;</em><a href=\"https://vn.blog.kkday.com/2019/04/23/du-lich-tu-tuc-han-quoc-cach-mua-va-su-dung-korail-pass/\"><strong><em>Korail Pass</em></strong></a><em>&nbsp;v&agrave;&nbsp;</em><a href=\"https://vn.blog.kkday.com/2018/10/10/tu-tuc-di-han-du-lich-seoul-mien-phi-bang-the-discover-seoul-pass/\"><strong><em>Discover Seoul Pass.</em></strong></a></p>\r\n\r\n<p><strong>Nếu m&igrave;nh chưa c&oacute; visa H&agrave;n Quốc th&igrave; l&agrave;m thế n&agrave;o ?</strong></p>\r\n\r\n<p>Trong trường hợp bạn chưa đi H&agrave;n Quốc chơi bao giờ, m&igrave;nh khuyến kh&iacute;ch c&aacute;c bạn n&ecirc;n t&igrave;m đến c&aacute;c dịch vụ tư vấn c&oacute; t&acirc;m. Hiện m&igrave;nh thấy KKday đang c&oacute;&nbsp;<a href=\"https://www.kkday.com/vi/product/17787?cid=3055&amp;ud1=20190188&amp;ud2=KR\" target=\"_blank\"><strong>giảm gi&aacute; 10% ph&iacute; xin visa du lịch</strong></a>&nbsp;ở H&agrave;n Quốc. Nếu bạn c&oacute; nhu cầu th&igrave; vui l&ograve;ng li&ecirc;n hệ<a href=\"https://www.kkday.com/vi/product/17787?cid=3055&amp;ud1=20190188&amp;ud2=KR\" target=\"_blank\">&nbsp;<strong>tại đ&acirc;y.</strong></a>&nbsp;H&agrave;n Quốc c&oacute; ch&iacute;nh s&aacute;ch mở đối với người du lịch nước ta n&ecirc;n c&aacute;c bạn cứ y&ecirc;n t&acirc;m nh&eacute;.</p>\r\n\r\n<p><em>Xem th&ecirc;m:&nbsp;</em><a href=\"https://vn.blog.kkday.com/2018/12/05/kinh-nghiem-xin-visa-du-lich-tu-tuc-tai-han-quoc/\"><strong><em>Kinh nghiệm xin visa du lịch tự t&uacute;c tại H&agrave;n Quốc.</em></strong></a></p>\r\n\r\n<h2><strong>Muốn được như thư k&yacute; Kim h&atilde;y chịu kh&oacute; đi spa H&agrave;n Quốc</strong></h2>\r\n\r\n<p>M&igrave;nh lu&ocirc;n khuyến kh&iacute;ch c&aacute;c bạn khi c&oacute; cơ hội đến với Seoul th&igrave; n&ecirc;n thử đi spa H&agrave;n Quốc l&agrave;m đẹp. Thứ nhất l&agrave; họ c&oacute; c&ocirc;ng nghệ hiện đại, chuy&ecirc;n m&ocirc;n cao v&agrave; người H&agrave;n Quốc th&igrave; nổi tiếng v&igrave; sự tỉ mỉ. Thứ 2 l&agrave; chi ph&iacute; hợp l&yacute;, an to&agrave;n cho mọi người. Muốn cải thiện v&agrave; t&acirc;n trang vẻ ngo&agrave;i, ch&uacute;ng ta n&ecirc;n thử qua những h&igrave;nh thức l&agrave;m đẹp mới. Từ việc đi spa H&agrave;n Quốc bạn sẽ được tận hưởng chất lượng dịch vụ v&agrave; được tư vấn từ A đến Z về phong c&aacute;ch l&agrave;m đẹp c&aacute; nh&acirc;n ph&ugrave; hợp nhất với bản th&acirc;n.</p>\r\n\r\n<h2><strong>#1 Cắt v&agrave; tạo kiểu t&oacute;c ấn tượng tại Boboris Salon &amp; Spa</strong></h2>\r\n\r\n<p><em>Địa chỉ: Special City, Jiangnan District, Seoul, New Town, 631-23</em></p>\r\n\r\n<p><em>631-23 Sinsa-dong, Gangnam-gu, Seoul</em></p>\r\n\r\n<p><em>Giờ l&agrave;m việc: Thứ 3 &ndash; Chủ Nhật | 10AM &ndash; 7PM</em></p>\r\n\r\n<p><img alt=\"du lịch seoul tự túc\" src=\"https://cdn.shortpixel.ai/client/q_lossless,ret_img,w_1350,h_1350/http://vn.blog.kkday.com/wp-content/uploads/1-113.jpg\" style=\"height:1350px; width:1350px\" /></p>\r\n\r\n<p>Đi spa H&agrave;n Quốc th&igrave; mặc đồ đơn giản dễ chịu | Credit IG: @siyoon0424</p>\r\n\r\n<p>Địa điểm được tin d&ugrave;ng bởi c&aacute;c nghệ sĩ nổi tiếng H&agrave;n Quốc, Boboris Salon &amp; Spa c&oacute; nhiều năm kinh nghiệm trong lĩnh vực tạo mẫu t&oacute;c n&oacute;i ri&ecirc;ng v&agrave; l&agrave;m đẹp n&oacute;i chung. Boboris Salon &amp; Spa cung cấp rất nhiều c&aacute;c g&oacute;i l&agrave;m t&oacute;c được thực hiện bởi ch&iacute;nh c&aacute;c chuy&ecirc;n gia l&agrave;m việc tại đ&acirc;y, c&ugrave;ng với chuy&ecirc;n m&ocirc;n cao v&agrave; sự tận t&acirc;m. Boboris Salon &amp; Spa l&agrave; một trong những nơi được kh&aacute;ch h&agrave;ng tin tưởng v&agrave; trao gửi vẻ ngo&agrave;i của m&igrave;nh.</p>\r\n\r\n<p><img alt=\"đi spa hàn quốc làm đẹp\" src=\"https://cdn.shortpixel.ai/client/q_lossless,ret_img,w_1350,h_1350/http://vn.blog.kkday.com/wp-content/uploads/2-113.jpg\" style=\"height:1350px; width:1350px\" /></p>\r\n\r\n<p>Chuy&ecirc;n vi&ecirc;n tạo mẫu t&oacute;c rất chuy&ecirc;n nghiệp | Credit IG: @boboris_salon</p>\r\n\r\n<p>Bạn sẽ phải book hẹn trước nếu muốn đi spa H&agrave;n Quốc l&agrave;m đẹp. M&igrave;nh nhận thấy<a href=\"https://www.kkday.com/vi/product/13951?cid=3055&amp;ud1=20190188&amp;ud2=KR\" target=\"_blank\">&nbsp;<strong>KKday đang c&oacute; giảm gi&aacute; 5%</strong></a>&nbsp;khi &aacute;p dụng m&atilde; giảm gi&aacute; APP5OFF.&nbsp;<a href=\"https://www.kkday.com/vi/product/13951?cid=3055&amp;ud1=20190188&amp;ud2=KR\" target=\"_blank\"><strong>Đặt ngay qua ứng dụng của KKday</strong></a>&nbsp;để kh&ocirc;ng bỏ lỡ deal tốt n&agrave;y nh&eacute;.</p>\r\n\r\n<p><img alt=\"đi spa hàn quốc làm đẹp\" src=\"https://cdn.shortpixel.ai/client/q_lossless,ret_img,w_781,h_781/http://vn.blog.kkday.com/wp-content/uploads/3-105.jpg\" style=\"height:781px; width:781px\" /></p>\r\n\r\n<p>Kiểu t&oacute;c ngắn được ưa chuộng tại Boboris Spa &amp; Salon | Credit IG: @_hyem_star</p>\r\n\r\n<p>Ngo&agrave;i l&agrave;m t&oacute;c th&igrave; Boboris Salon &amp; Spa c&ograve;n c&oacute; dịch vụ trang điểm v&agrave; l&agrave;m nail, spa c&aacute; nh&acirc;n. Đặc biệt với dịch vụ makeup bạn c&oacute; thể t&ugrave;y &yacute; lựa chọn c&aacute;c g&oacute;i cho cả nam v&agrave; nữ lu&ocirc;n, lựa chọn kh&ocirc;ng bị giới hạn l&agrave; điểm mạnh của Boboris Salon &amp; Spa. Team đi spa H&agrave;n Quốc nhớ&nbsp;<a href=\"https://www.kkday.com/vi/product/13951?cid=3055&amp;ud1=20190188&amp;ud2=KR\" target=\"_blank\"><strong>t&igrave;m hiểu th&ecirc;m tại đ&acirc;y</strong></a>&nbsp;nh&eacute;.</p>\r\n\r\n<h2><strong>#2 T&igrave;m hiểu b&iacute; quyết l&agrave;n da chuẩn mịn H&agrave;n Quốc tại AHC Spa</strong></h2>\r\n\r\n<p><em>Địa chỉ: 3F, 237, Dosan-daero, Gangnam-gu, Seoul</em></p>\r\n\r\n<p><em>Giờ l&agrave;m việc: Thứ 2 &ndash; Chủ Nhật | 10AM &ndash; 9PM</em></p>\r\n\r\n<p><img alt=\"du lịch seoul tự túc\" src=\"https://cdn.shortpixel.ai/client/q_lossless,ret_img,w_781,h_956/http://vn.blog.kkday.com/wp-content/uploads/4-111.jpg\" style=\"height:956px; width:781px\" /></p>\r\n\r\n<p>AHC Play Zone tập trung c&aacute;c dịch vụ l&agrave;m đẹp | Credit IG: @choijungho_</p>\r\n\r\n<p>Thương hiệu mỹ phẩm AHC mới nổi trong thời gian gần đ&acirc;y tại thị trường Việt Nam đ&atilde; thu h&uacute;t đ&ocirc;ng đảo sự quan t&acirc;m của giới h&acirc;m mộ l&agrave;m đẹp. C&oacute; cơ hội đi spa H&agrave;n Quốc của AHC, bạn sẽ được trải nghiệm c&aacute;c dịch vụ chăm s&oacute;c da mặt v&agrave; to&agrave;n th&acirc;n cao cấp. Với c&aacute;c g&oacute;i trải nghiệm kh&aacute;c nhau, bạn sẽ dễ d&agrave;ng lựa chọn được dịch vụ ph&ugrave; hợp với nhu cầu.</p>\r\n\r\n<p><img alt=\"đi spa hàn quốc làm đẹp\" src=\"https://cdn.shortpixel.ai/client/q_lossless,ret_img,w_1350,h_1350/http://vn.blog.kkday.com/wp-content/uploads/5-104.jpg\" style=\"height:1350px; width:1350px\" /></p>\r\n\r\n<p>Một số d&ograve;ng sản phẩm của AHC | Credit IG: @jang_bo_kyung</p>\r\n\r\n<p>C&oacute; thể bạn chưa biết nhưng Anne Hathaway &ndash; nữ diễn vi&ecirc;n Hollywood đ&igrave;nh đ&aacute;m đ&atilde; từng kết hợp với AHC. D&ograve;ng sản phẩm hiện đang c&oacute; b&aacute;n tại Việt Nam tuy nhi&ecirc;n để trải nghiệm được trọn vẹn hơn, m&igrave;nh vẫn muốn mọi người c&oacute; cơ hội<a href=\"https://www.kkday.com/vi/product/20345?cid=3055&amp;ud1=20190188&amp;ud2=KR\" target=\"_blank\">&nbsp;<strong>đến trực tiếp tại AHC Spa ở Seoul</strong></a>&nbsp;để được chăm s&oacute;c tận t&igrave;nh v&agrave; chu đ&aacute;o nhất.</p>\r\n\r\n<p><img alt=\"đi spa hàn quốc làm đẹp\" src=\"https://cdn.shortpixel.ai/client/q_lossless,ret_img,w_1350,h_1350/http://vn.blog.kkday.com/wp-content/uploads/6-107.jpg\" style=\"height:1350px; width:1350px\" /></p>\r\n\r\n<p>C&aacute;c bạn c&oacute; thể ngồi đọc tạp ch&iacute; v&agrave; d&ugrave;ng c&agrave; ph&ecirc; trong l&uacute;c lựa chọn dịch vụ | Credit IG: @salkodiary</p>\r\n\r\n<p>Để được giảm 5% khi trải nghiệm dịch vụ chăm s&oacute;c da mặt v&agrave; to&agrave;n th&acirc;n tại AHC Spa. Bạn c&oacute; thể&nbsp;<a href=\"https://www.kkday.com/vi/product/20345?cid=3055&amp;ud1=20190188&amp;ud2=KR\" target=\"_blank\"><strong>đặt trực tiếp qua ứng dụng của KKday</strong></a>&nbsp;để được hưởng ưu đ&atilde;i n&agrave;y. Gi&aacute; th&agrave;nh cho việc đi spa H&agrave;n Quốc l&agrave;m đẹp mặc d&ugrave; kh&ocirc;ng &ldquo;rẻ&rdquo; nhưng gi&aacute; trị mang lại th&igrave; v&ocirc; c&ugrave;ng xứng đ&aacute;ng.&nbsp;<a href=\"https://www.kkday.com/vi/product/20345?cid=3055&amp;ud1=20190188&amp;ud2=KR\" target=\"_blank\"><strong>Nhấn liền tay nhận ngay ưu đ&atilde;i&nbsp;</strong></a>c&ugrave;ng cả nh&oacute;m nh&eacute;.</p>\r\n\r\n<h2><strong>#3 Chăm s&oacute;c da cao cấp tại Sulwhasoo Premium Spa</strong></h2>\r\n\r\n<p><em>Địa chỉ: B1(Basement #1), 18, 45-gil, Dosan-daero, Sinsa-dong, Gangnam-gu, Seoul</em></p>\r\n\r\n<p><em>Giờ l&agrave;m việc: Thứ 2 &ndash; Chủ Nhật | 11AM &ndash; 9PM</em></p>\r\n\r\n<p><img alt=\"đi spa hàn quốc làm đẹp\" src=\"https://cdn.shortpixel.ai/client/q_lossless,ret_img,w_1350,h_1350/http://vn.blog.kkday.com/wp-content/uploads/7-93.jpg\" style=\"height:1350px; width:1350px\" /></p>\r\n\r\n<p>Chị đẹp &aacute;o hồng đi spa H&agrave;n Quốc | Credit IG: @fuang_kpn</p>\r\n\r\n<p>Hệ thống Sulwhasoo Premium Spa cao cấp l&agrave; nơi đại diện cho nh&atilde;n h&agrave;ng Sulwhasoo trong suốt những năm hoạt động. Người ti&ecirc;u d&ugrave;ng biết đến Sulwhasoo, d&ograve;ng mỹ phẩm cao cấp chuy&ecirc;n sử dụng c&aacute;c nguy&ecirc;n liệu ho&agrave;n to&agrave;n đến từ thi&ecirc;n nhi&ecirc;n. Nổi tiếng với c&aacute;c d&ograve;ng sản phẩm chống l&atilde;o h&oacute;a c&oacute; chiết xuất từ hồng s&acirc;m, Sulwhasoo kh&ocirc;ng chỉ b&aacute;n m&agrave; c&ograve;n &aacute;p dụng c&aacute;c d&ograve;ng sản phẩm của họ v&agrave;o Sulwhasoo Premium Spa. Mang lại trải nghiệm cao cấp v&agrave; chất lượng cho kh&aacute;ch h&agrave;ng.</p>\r\n\r\n<p><img alt=\"du lịch seoul tự túc\" src=\"https://cdn.shortpixel.ai/client/q_lossless,ret_img,w_781,h_781/http://vn.blog.kkday.com/wp-content/uploads/8-93.jpg\" style=\"height:781px; width:781px\" /></p>\r\n\r\n<p>Sản phẩm của Sulwhasoo lu&ocirc;n được ưa chuộng | Credit IG: @ailee06</p>\r\n\r\n<p>Heritage Ginseng Journey l&agrave; liệu ph&aacute;p chăm s&oacute;c da tối ưu được khuyến kh&iacute;ch sử dụng khi&nbsp;<a href=\"https://www.kkday.com/vi/product/17701?cid=3055&amp;ud1=20190188&amp;ud2=KR\" target=\"_blank\"><strong>đến với Sulwhasoo Premium Spa.</strong></a>&nbsp;Liệu tr&igrave;nh 130 ph&uacute;t tập trung v&agrave;o v&ugrave;ng lưng v&agrave; da mặt với c&aacute;c kỹ thuật ti&ecirc;n tiến gi&uacute;p phục hồi lại l&agrave;n da tươi trẻ, hồng h&agrave;o. Hồng s&acirc;m sẽ được d&ugrave;ng l&agrave;m th&agrave;nh phần chăm s&oacute;c da ch&iacute;nh trong suốt qu&aacute; tr&igrave;nh.</p>\r\n\r\n<p><img alt=\"du lịch seoul tự túc\" src=\"https://cdn.shortpixel.ai/client/q_lossless,ret_img,w_781,h_781/http://vn.blog.kkday.com/wp-content/uploads/9-93.jpg\" style=\"height:781px; width:781px\" /></p>\r\n\r\n<p>Thiết kế nội thất ở Sulwhasoo Premium Spa rất thời thượng | Credit IG: @pearphatthra</p>\r\n\r\n<p>Khi&nbsp;<a href=\"https://www.kkday.com/vi/product/17701?cid=3055&amp;ud1=20190188&amp;ud2=KR\" target=\"_blank\"><strong>đăng k&yacute; dịch vụ tại Sulwhasoo Premium Spa</strong></a>&nbsp;qua KKday, bạn sẽ được<a href=\"https://www.kkday.com/vi/product/17701?cid=3055&amp;ud1=20190188&amp;ud2=KR\" target=\"_blank\">&nbsp;<strong>giảm 5% bằng c&aacute;ch nhập m&atilde; APP5OFF.</strong></a>&nbsp;Sau khi đặt ho&agrave;n tất bạn sẽ nhận được e-voucher, như vậy l&agrave; xong. Kh&ocirc;ng cần thủ tục rườm r&agrave; chi cả. C&aacute;c bạn đi spa H&agrave;n Quốc n&ecirc;n ưu ti&ecirc;n chọn những spa cao cấp v&agrave; c&oacute; thời gian hoạt động l&acirc;u năm tr&ecirc;n thị trường như Sulwhasoo để nhanh ch&oacute;ng thấy được hiệu quả nh&eacute;.</p>\r\n\r\n<p>Những chuyến đi du lịch H&agrave;n Quốc đ&acirc;u chỉ xoay quanh việc chụp h&igrave;nh v&agrave; mua sắm. Đi spa H&agrave;n Quốc l&agrave;m đẹp đang dần trở th&agrave;nh 1 xu hướng du lịch mới v&agrave; được nhiều bạn trẻ đ&oacute;n nhận. H&atilde;y chăm s&oacute;c cho bản th&acirc;n thật tốt để lu&ocirc;n hạnh ph&uacute;c v&agrave; lạc quan nh&eacute;. M&igrave;nh rất mong chờ những review của c&aacute;c bạn sau khi đi spa H&agrave;n Quốc đấy.<strong>&nbsp;Happy Travelling!</strong></p>\r\n','16/06/2020',NULL,'admin',NULL,0,0,2,3),(47,'Thì Ra Đây Chính Là Cách Làm Trắng Da Toàn Thân Tự Nhiên Giúp Trương Quỳnh Anh Tỏa Sáng','hoc_lom-lam-trang-da-toan-than-cua-truong-quynh-anh-2.jpg','Trương Quỳnh Anh nổi tiếng với tài năng, sự gợi cảm và tự tin khi xuất hiện trước công chúng. Bí quyết của cô nằm ở chính cách làm trắng da toàn thân tự nhiên.','<p><em>Trương Quỳnh Anh nổi tiếng với t&agrave;i năng, sự gợi cảm v&agrave; tự tin khi xuất hiện trước c&ocirc;ng ch&uacute;ng. B&iacute; quyết của c&ocirc; nằm ở ch&iacute;nh&nbsp;<strong><a href=\"http://lamtrangda.vn/lam-trang-da-toan-than/\">c&aacute;ch l&agrave;m trắng da to&agrave;n th&acirc;n tự nhi&ecirc;n</a></strong>.</em></p>\r\n\r\n<p>Mặc d&ugrave; Trương Quỳnh Anh bận rộn với gia đ&igrave;nh nhỏ của m&igrave;nh v&agrave; c&ocirc;ng việc nhưng c&ocirc; vẫn d&agrave;nh ri&ecirc;ng một khoảng thời gian nhất định để l&agrave;m đẹp, chăm s&oacute;c da h&agrave;ng ng&agrave;y. C&ocirc; thường &aacute;p dụng phương ph&aacute;p l&agrave;m đẹp tại Spa v&agrave; c&ocirc;ng thức tại nh&agrave;. B&iacute; quyết để c&ocirc; c&oacute; một l&agrave;n da trắng hồng tự nhi&ecirc;n m&agrave; rất nhiều người ngưỡng mộ cũng rất đơn giản.</p>\r\n\r\n<p><a href=\"http://lamtrangda.vn/wp-content/uploads/2017/07/hoc_lom-lam-trang-da-toan-than-cua-truong-quynh-anh-1.jpg\"><img alt=\"cách làm trắng da toàn thân tự nhiên giúp Trương Quỳnh Anh tỏa sáng\" src=\"http://lamtrangda.vn/wp-content/uploads/2017/07/hoc_lom-lam-trang-da-toan-than-cua-truong-quynh-anh-1.jpg\" style=\"height:400px; width:600px\" /></a></p>\r\n\r\n<p><em>Mọi người rất t&ograve; m&ograve; về c&aacute;ch l&agrave;m trắng da to&agrave;n th&acirc;n tự nhi&ecirc;n của&nbsp;Trương Quỳnh Anh</em></p>\r\n\r\n<p>Theo đ&oacute;, c&ocirc; &aacute;p dụng c&aacute;ch l&agrave;m trắng da to&agrave;n th&acirc;n tự nhi&ecirc;n bằng sữa tươi v&agrave; bột yến mạch. Trong th&agrave;nh phần của bột yến mạch chứa lượng lớn vitamin E, vitamin K, vitamin B, chất niacin v&agrave; folate&hellip;. Đ&acirc;y l&agrave; những nh&oacute;m dưỡng chất gi&uacute;p l&agrave;n da của bạn lu&ocirc;n được trắng mịn, khỏe mạnh trong khi đ&oacute; kh&ocirc;ng hề g&acirc;y k&iacute;ch ứng v&agrave; ph&ugrave; hợp với rất nhiều loại da kh&aacute;c nhau.</p>\r\n\r\n<p><a href=\"http://lamtrangda.vn/wp-content/uploads/2017/07/hoc_lom-lam-trang-da-toan-than-cua-truong-quynh-anh-3.jpg\"><img alt=\"bí quyết  làm trắng da toàn thân tự nhiên giúp Trương Quỳnh Anh tỏa sáng\" src=\"http://lamtrangda.vn/wp-content/uploads/2017/07/hoc_lom-lam-trang-da-toan-than-cua-truong-quynh-anh-3.jpg\" style=\"height:338px; width:600px\" /></a></p>\r\n\r\n<p><em>Đ&acirc;y ch&iacute;nh l&agrave;&nbsp;b&iacute; quyết &nbsp;l&agrave;m trắng da to&agrave;n th&acirc;n tự nhi&ecirc;n gi&uacute;p Trương Quỳnh Anh tỏa s&aacute;ng</em></p>\r\n\r\n<p>Chuẩn bị nguy&ecirc;n liệu cho&nbsp;<strong><a href=\"http://lamtrangda.vn/nau-la-tia-to-theo-cach-nay-lam-trang-da-tay-chan-nhanh/\">c&aacute;ch l&agrave;m trắng da tay</a></strong>, da mặt, thậm ch&iacute; to&agrave;n th&acirc;n n&agrave;y như sau: sữa tươi kh&ocirc;ng đường 1 g&oacute;i v&agrave; 2 th&igrave;a c&agrave; ph&ecirc; bột yến mạch.</p>\r\n\r\n<p>C&aacute;ch thực hiện: Bột yến mạch được trộn c&ugrave;ng với sữa tươi kh&ocirc;ng đường để tạo th&agrave;nh một hỗn hợp đặc sệt.</p>\r\n\r\n<p>C&aacute;ch sử dụng:</p>\r\n\r\n<ul>\r\n	<li>D&ugrave;ng nước ấm v&agrave; sữa rửa mặt để vệ sinh da mặt nhằm loại bỏ tế b&agrave;o chế, bụi bẩn v&agrave; gi&uacute;p cho lỗ ch&acirc;n l&ocirc;ng được gi&atilde;n nở tốt nhất.</li>\r\n	<li>Thoa đều hỗn hợp vừa l&agrave;m n&ecirc;n tr&ecirc;n da mặt. Đừng qu&ecirc;n massage nhẹ nh&agrave;ng để c&aacute;c chất dinh dưỡng thẩm thấu v&agrave;o s&acirc;u trong da tốt nhất.</li>\r\n	<li>Sau từ 10- 15 ph&uacute;t th&igrave; d&ugrave;ng nước lạnh rửa lại mặt thật sạch một lần nữa.</li>\r\n</ul>\r\n\r\n<p><a href=\"http://lamtrangda.vn/wp-content/uploads/2017/07/hoc_lom-lam-trang-da-toan-than-cua-truong-quynh-anh-2.jpg\"><img alt=\"cách làm trắng da toàn thân tự nhiên của Trương Quỳnh Anh \" src=\"http://lamtrangda.vn/wp-content/uploads/2017/07/hoc_lom-lam-trang-da-toan-than-cua-truong-quynh-anh-2.jpg\" style=\"height:750px; width:500px\" /></a></p>\r\n\r\n<p><em>L&agrave;n da của c&ocirc; n&agrave;ng th&aacute;ch thức nắng h&egrave; với c&ocirc;ng thức v&ocirc; c&ugrave;ng tuyệt vời</em></p>\r\n\r\n<p><strong><a href=\"http://lamtrangda.vn/\">C&aacute;ch l&agrave;m trắng da</a>&nbsp;to&agrave;n th&acirc;n</strong>&nbsp;n&agrave;y được Quỳnh Anh &aacute;p dụng từ 2- 3 lần/tuần. C&ocirc; cho rằng: kh&ocirc;ng cần phải d&ugrave;ng bất cứ loại mỹ phẩm đắt tiền n&agrave;o bạn vẫn c&oacute; một l&agrave;n da đẹp khi &aacute;p dụng c&ocirc;ng thức l&agrave;m trắng da to&agrave;n th&acirc;n tự nhi&ecirc;n như tr&ecirc;n. Tuy nhi&ecirc;n, bạn cũng cần phải lưu &yacute; tới chế độ ăn uống ph&ugrave; hợp v&agrave; tập luyện b&agrave;i tập thể lực như gym v&agrave; yoga h&agrave;ng ng&agrave;y cũng sẽ gi&uacute;p bạn ngăn chặn qu&aacute; tr&igrave;nh l&atilde;o h&oacute;a để c&oacute; l&agrave;n da tươi trẻ, mịn m&agrave;ng.</p>\r\n','16/06/2020',NULL,'admin',NULL,1,1,3,3);
/*!40000 ALTER TABLE `new` ENABLE KEYS */;
UNLOCK TABLES;

--
-- Table structure for table `new_comment`
--

DROP TABLE IF EXISTS `new_comment`;
/*!40101 SET @saved_cs_client     = @@character_set_client */;
/*!50503 SET character_set_client = utf8mb4 */;
CREATE TABLE `new_comment` (
  `id` bigint(20) NOT NULL AUTO_INCREMENT,
  `newid` bigint(20) NOT NULL,
  `commentid` bigint(20) NOT NULL,
  `userid` bigint(20) NOT NULL,
  PRIMARY KEY (`id`),
  KEY `newid` (`newid`),
  KEY `commentid` (`commentid`),
  KEY `userid` (`userid`),
  CONSTRAINT `new_comment_ibfk_1` FOREIGN KEY (`newid`) REFERENCES `new` (`id`),
  CONSTRAINT `new_comment_ibfk_2` FOREIGN KEY (`commentid`) REFERENCES `comment` (`id`),
  CONSTRAINT `new_comment_ibfk_3` FOREIGN KEY (`userid`) REFERENCES `user` (`id`)
) ENGINE=InnoDB AUTO_INCREMENT=29 DEFAULT CHARSET=utf8mb4 COLLATE=utf8mb4_vietnamese_ci;
/*!40101 SET character_set_client = @saved_cs_client */;

--
-- Dumping data for table `new_comment`
--

LOCK TABLES `new_comment` WRITE;
/*!40000 ALTER TABLE `new_comment` DISABLE KEYS */;
INSERT INTO `new_comment` VALUES (24,40,14,14),(25,40,15,14),(26,40,16,11),(27,36,17,11),(28,47,18,11);
/*!40000 ALTER TABLE `new_comment` ENABLE KEYS */;
UNLOCK TABLES;

--
-- Table structure for table `new_like`
--

DROP TABLE IF EXISTS `new_like`;
/*!40101 SET @saved_cs_client     = @@character_set_client */;
/*!50503 SET character_set_client = utf8mb4 */;
CREATE TABLE `new_like` (
  `id` bigint(20) NOT NULL AUTO_INCREMENT,
  `userid` bigint(20) NOT NULL,
  `newid` bigint(20) NOT NULL,
  PRIMARY KEY (`id`),
  KEY `userid` (`userid`),
  KEY `newid` (`newid`),
  CONSTRAINT `new_like_ibfk_1` FOREIGN KEY (`userid`) REFERENCES `user` (`id`),
  CONSTRAINT `new_like_ibfk_2` FOREIGN KEY (`newid`) REFERENCES `new` (`id`)
) ENGINE=InnoDB AUTO_INCREMENT=39 DEFAULT CHARSET=utf8mb4 COLLATE=utf8mb4_vietnamese_ci;
/*!40101 SET character_set_client = @saved_cs_client */;

--
-- Dumping data for table `new_like`
--

LOCK TABLES `new_like` WRITE;
/*!40000 ALTER TABLE `new_like` DISABLE KEYS */;
INSERT INTO `new_like` VALUES (33,11,40),(35,14,40),(37,11,36),(38,11,47);
/*!40000 ALTER TABLE `new_like` ENABLE KEYS */;
UNLOCK TABLES;

--
-- Table structure for table `new_save`
--

DROP TABLE IF EXISTS `new_save`;
/*!40101 SET @saved_cs_client     = @@character_set_client */;
/*!50503 SET character_set_client = utf8mb4 */;
CREATE TABLE `new_save` (
  `userid` bigint(20) NOT NULL,
  `newid` bigint(20) NOT NULL,
  `id` bigint(20) NOT NULL AUTO_INCREMENT,
  PRIMARY KEY (`id`),
  KEY `userid` (`userid`),
  KEY `newid` (`newid`),
  CONSTRAINT `new_save_ibfk_1` FOREIGN KEY (`userid`) REFERENCES `user` (`id`),
  CONSTRAINT `new_save_ibfk_2` FOREIGN KEY (`newid`) REFERENCES `new` (`id`)
) ENGINE=InnoDB AUTO_INCREMENT=18 DEFAULT CHARSET=utf8mb4 COLLATE=utf8mb4_vietnamese_ci;
/*!40101 SET character_set_client = @saved_cs_client */;

--
-- Dumping data for table `new_save`
--

LOCK TABLES `new_save` WRITE;
/*!40000 ALTER TABLE `new_save` DISABLE KEYS */;
INSERT INTO `new_save` VALUES (8,42,14),(11,42,15),(11,45,16),(11,29,17);
/*!40000 ALTER TABLE `new_save` ENABLE KEYS */;
UNLOCK TABLES;

--
-- Table structure for table `role`
--

DROP TABLE IF EXISTS `role`;
/*!40101 SET @saved_cs_client     = @@character_set_client */;
/*!50503 SET character_set_client = utf8mb4 */;
CREATE TABLE `role` (
  `id` bigint(20) NOT NULL AUTO_INCREMENT,
  `name` varchar(255) COLLATE utf8mb4_vietnamese_ci NOT NULL,
  `code` varchar(255) COLLATE utf8mb4_vietnamese_ci NOT NULL,
  `createddate` datetime DEFAULT NULL,
  `modifieddate` datetime DEFAULT NULL,
  `createdby` varchar(255) COLLATE utf8mb4_vietnamese_ci DEFAULT NULL,
  `modifiedby` varchar(255) COLLATE utf8mb4_vietnamese_ci DEFAULT NULL,
  PRIMARY KEY (`id`)
) ENGINE=InnoDB AUTO_INCREMENT=3 DEFAULT CHARSET=utf8mb4 COLLATE=utf8mb4_vietnamese_ci;
/*!40101 SET character_set_client = @saved_cs_client */;

--
-- Dumping data for table `role`
--

LOCK TABLES `role` WRITE;
/*!40000 ALTER TABLE `role` DISABLE KEYS */;
INSERT INTO `role` VALUES (1,'Quản Trị','ADMIN',NULL,NULL,NULL,NULL),(2,'Người Dùng','USER',NULL,NULL,NULL,NULL);
/*!40000 ALTER TABLE `role` ENABLE KEYS */;
UNLOCK TABLES;

--
-- Table structure for table `user`
--

DROP TABLE IF EXISTS `user`;
/*!40101 SET @saved_cs_client     = @@character_set_client */;
/*!50503 SET character_set_client = utf8mb4 */;
CREATE TABLE `user` (
  `id` bigint(20) NOT NULL AUTO_INCREMENT,
  `username` varchar(255) COLLATE utf8mb4_vietnamese_ci DEFAULT NULL,
  `fullname` varchar(255) COLLATE utf8mb4_vietnamese_ci DEFAULT NULL,
  `email` varchar(255) COLLATE utf8mb4_vietnamese_ci DEFAULT NULL,
  `phonenumber` varchar(255) COLLATE utf8mb4_vietnamese_ci DEFAULT NULL,
  `password` varchar(255) COLLATE utf8mb4_vietnamese_ci DEFAULT NULL,
  `status` int(11) DEFAULT NULL,
  `createddate` datetime DEFAULT NULL,
  `modifieddate` datetime DEFAULT NULL,
  `createdby` varchar(255) COLLATE utf8mb4_vietnamese_ci DEFAULT NULL,
  `modifiedby` varchar(255) COLLATE utf8mb4_vietnamese_ci DEFAULT NULL,
  PRIMARY KEY (`id`)
) ENGINE=InnoDB AUTO_INCREMENT=15 DEFAULT CHARSET=utf8mb4 COLLATE=utf8mb4_vietnamese_ci;
/*!40101 SET character_set_client = @saved_cs_client */;

--
-- Dumping data for table `user`
--

LOCK TABLES `user` WRITE;
/*!40000 ALTER TABLE `user` DISABLE KEYS */;
INSERT INTO `user` VALUES (8,'admin',NULL,NULL,NULL,'admin',NULL,NULL,NULL,NULL,NULL),(11,'phuocthanh',NULL,'haiphucthanhvan@gmail.com',NULL,'9cf6f9edb58e7f3dadc1f65fdbe58b7a',NULL,NULL,NULL,NULL,NULL),(13,'phuocthanh1',NULL,'tranphuocthanhit180997@gmail.com',NULL,'9cf6f9edb58e7f3dadc1f65fdbe58b7a',NULL,NULL,NULL,NULL,NULL),(14,'phuocthanh23',NULL,'phuocthanh23@gmail.com',NULL,'9cf6f9edb58e7f3dadc1f65fdbe58b7a',NULL,NULL,NULL,NULL,NULL);
/*!40000 ALTER TABLE `user` ENABLE KEYS */;
UNLOCK TABLES;

--
-- Table structure for table `user_role`
--

DROP TABLE IF EXISTS `user_role`;
/*!40101 SET @saved_cs_client     = @@character_set_client */;
/*!50503 SET character_set_client = utf8mb4 */;
CREATE TABLE `user_role` (
  `id` bigint(20) NOT NULL AUTO_INCREMENT,
  `userid` bigint(20) NOT NULL,
  `roleid` bigint(20) NOT NULL,
  PRIMARY KEY (`id`),
  KEY `userid` (`userid`),
  KEY `roleid` (`roleid`),
  CONSTRAINT `user_role_ibfk_1` FOREIGN KEY (`userid`) REFERENCES `user` (`id`),
  CONSTRAINT `user_role_ibfk_2` FOREIGN KEY (`roleid`) REFERENCES `role` (`id`)
) ENGINE=InnoDB AUTO_INCREMENT=9 DEFAULT CHARSET=utf8mb4 COLLATE=utf8mb4_vietnamese_ci;
/*!40101 SET character_set_client = @saved_cs_client */;

--
-- Dumping data for table `user_role`
--

LOCK TABLES `user_role` WRITE;
/*!40000 ALTER TABLE `user_role` DISABLE KEYS */;
INSERT INTO `user_role` VALUES (1,8,1),(4,11,2),(7,13,2),(8,14,2);
/*!40000 ALTER TABLE `user_role` ENABLE KEYS */;
UNLOCK TABLES;
/*!40103 SET TIME_ZONE=@OLD_TIME_ZONE */;

/*!40101 SET SQL_MODE=@OLD_SQL_MODE */;
/*!40014 SET FOREIGN_KEY_CHECKS=@OLD_FOREIGN_KEY_CHECKS */;
/*!40014 SET UNIQUE_CHECKS=@OLD_UNIQUE_CHECKS */;
/*!40101 SET CHARACTER_SET_CLIENT=@OLD_CHARACTER_SET_CLIENT */;
/*!40101 SET CHARACTER_SET_RESULTS=@OLD_CHARACTER_SET_RESULTS */;
/*!40101 SET COLLATION_CONNECTION=@OLD_COLLATION_CONNECTION */;
/*!40111 SET SQL_NOTES=@OLD_SQL_NOTES */;

-- Dump completed on 2020-06-18 23:07:10
